skill	fixture_key	game_scores_A_minus_D	game_n	game_mean	game_sd	candidate	deterministic	sim_n	sim_mean	sim_sd	central95_low	central95_high	p	individual_score_errors_if_deterministic	initial_attacker	initial_defender
hero:Gatot:GoldenGuard	testcases/gatot_verified/s1-4900-vs-1000.json#0	3901	1	3901		current	True	1	3901	0	3901	3901		[0]	4900	1000
hero:Gatot:GoldenGuard	testcases/gatot_verified/s1-4900-vs-1000.json#0	3901	1	3901		omit	True	1	4897	0	4897	4897		[996]	4900	1000
hero:Gatot:GoldenGuard	testcases/gatot_verified/s1-4900-vs-1000.json#0	3901	1	3901		all_own	True	1	3901	0	3901	3901		[0]	4900	1000
hero:Gatot:GoldenGuard	testcases/gatot_verified/s1-4950-vs-1000.json#0	4092	1	4092		current	True	1	4085	0	4085	4085		[-7]	4950	1000
hero:Gatot:GoldenGuard	testcases/gatot_verified/s1-4950-vs-1000.json#0	4092	1	4092		omit	True	1	4947	0	4947	4947		[855]	4950	1000
hero:Gatot:GoldenGuard	testcases/gatot_verified/s1-4950-vs-1000.json#0	4092	1	4092		all_own	True	1	4085	0	4085	4085		[-7]	4950	1000
hero:Gatot:GoldenGuard	testcases/gatot_verified/s1-5000-vs-1000.json#0	4484	1	4484		current	True	1	4475	0	4475	4475		[-9]	5000	1000
hero:Gatot:GoldenGuard	testcases/gatot_verified/s1-5000-vs-1000.json#0	4484	1	4484		omit	True	1	4997	0	4997	4997		[513]	5000	1000
hero:Gatot:GoldenGuard	testcases/gatot_verified/s1-5000-vs-1000.json#0	4484	1	4484		all_own	True	1	4475	0	4475	4475		[-9]	5000	1000
hero:Gatot:GoldenGuard	testcases/gatot_verified/s1-5050-vs-1000.json#0	4973	1	4973		current	True	1	4959	0	4959	4959		[-14]	5050	1000
hero:Gatot:GoldenGuard	testcases/gatot_verified/s1-5050-vs-1000.json#0	4973	1	4973		omit	True	1	5047	0	5047	5047		[74]	5050	1000
hero:Gatot:GoldenGuard	testcases/gatot_verified/s1-5050-vs-1000.json#0	4973	1	4973		all_own	True	1	4959	0	4959	4959		[-14]	5050	1000
hero:Gatot:GoldenGuard	testcases/gatot_verified/s10-bradley-1000-inf-125-marksman-vs-5000-inf.json#0	-2296	1	-2296		current	True	1	-2274	0	-2274	-2274		[22]	1125	5000
hero:Gatot:GoldenGuard	testcases/gatot_verified/s10-bradley-1000-inf-125-marksman-vs-5000-inf.json#0	-2296	1	-2296		omit	True	1	-3292	0	-3292	-3292		[-996]	1125	5000
hero:Gatot:GoldenGuard	testcases/gatot_verified/s10-bradley-1000-inf-125-marksman-vs-5000-inf.json#0	-2296	1	-2296		all_own	True	1	-2274	0	-2274	-2274		[22]	1125	5000
hero:Gatot:GoldenGuard	testcases/gatot_verified/s15.2-secondary-heroes-1000-inf-125-lancer-125-marksman.json#0	851	1	851		current	True	1	834	0	834	834		[-17]	1250	5000
hero:Gatot:GoldenGuard	testcases/gatot_verified/s15.2-secondary-heroes-1000-inf-125-lancer-125-marksman.json#0	851	1	851		omit	True	1	584	0	584	584		[-267]	1250	5000
hero:Gatot:GoldenGuard	testcases/gatot_verified/s15.2-secondary-heroes-1000-inf-125-lancer-125-marksman.json#0	851	1	851		all_own	True	1	834	0	834	834		[-17]	1250	5000
hero:Gatot:GoldenGuard	testcases/gatot_verified/s15.3-1000-inf-0-lancer-1000-marksman.json#0	-4491	1	-4491		current	True	1	-4488	0	-4488	-4488		[3]	2000	5000
hero:Gatot:GoldenGuard	testcases/gatot_verified/s15.3-1000-inf-0-lancer-1000-marksman.json#0	-4491	1	-4491		omit	True	1	-4448	0	-4448	-4448		[43]	2000	5000
hero:Gatot:GoldenGuard	testcases/gatot_verified/s15.3-1000-inf-0-lancer-1000-marksman.json#0	-4491	1	-4491		all_own	True	1	-4488	0	-4488	-4488		[3]	2000	5000
hero:Gatot:GoldenGuard	testcases/gatot_verified/s15.3-1000-inf-1000-lancer-0-marksman.json#0	-4973	1	-4973		current	True	1	-4972	0	-4972	-4972		[1]	2000	5000
hero:Gatot:GoldenGuard	testcases/gatot_verified/s15.3-1000-inf-1000-lancer-0-marksman.json#0	-4973	1	-4973		omit	True	1	-4930	0	-4930	-4930		[43]	2000	5000
hero:Gatot:GoldenGuard	testcases/gatot_verified/s15.3-1000-inf-1000-lancer-0-marksman.json#0	-4973	1	-4973		all_own	True	1	-4972	0	-4972	-4972		[1]	2000	5000
hero:Gatot:GoldenGuard	testcases/gatot_verified/s15.3-1000-inf-1000-lancer-1000-marksman.json#0	-3064	1	-3064		current	True	1	-3054	0	-3054	-3054		[10]	3000	5000
hero:Gatot:GoldenGuard	testcases/gatot_verified/s15.3-1000-inf-1000-lancer-1000-marksman.json#0	-3064	1	-3064		omit	True	1	-3174	0	-3174	-3174		[-110]	3000	5000
hero:Gatot:GoldenGuard	testcases/gatot_verified/s15.3-1000-inf-1000-lancer-1000-marksman.json#0	-3064	1	-3064		all_own	True	1	-3049	0	-3049	-3049		[15]	3000	5000
hero:Gatot:GoldenGuard	testcases/gatot_verified/s15.3-2000-inf-0-lancer-1000-marksman.json#0	1281	1	1281		current	True	1	1327	0	1327	1327		[46]	3000	5000
hero:Gatot:GoldenGuard	testcases/gatot_verified/s15.3-2000-inf-0-lancer-1000-marksman.json#0	1281	1	1281		omit	True	1	-2400	0	-2400	-2400		[-3681]	3000	5000
hero:Gatot:GoldenGuard	testcases/gatot_verified/s15.3-2000-inf-0-lancer-1000-marksman.json#0	1281	1	1281		all_own	True	1	1327	0	1327	1327		[46]	3000	5000
hero:Gatot:GoldenGuard	testcases/gatot_verified/s15.3-2000-inf-1000-lancer-0-marksman.json#0	-4338	1	-4338		current	True	1	-4334	0	-4334	-4334		[4]	3000	5000
hero:Gatot:GoldenGuard	testcases/gatot_verified/s15.3-2000-inf-1000-lancer-0-marksman.json#0	-4338	1	-4338		omit	True	1	-4260	0	-4260	-4260		[78]	3000	5000
hero:Gatot:GoldenGuard	testcases/gatot_verified/s15.3-2000-inf-1000-lancer-0-marksman.json#0	-4338	1	-4338		all_own	True	1	-4334	0	-4334	-4334		[4]	3000	5000
hero:Gatot:GoldenGuard	testcases/gatot_verified/s16-1500-inf-1500-marksman-vs-1000-inf.json#0	2777	1	2777		current	True	1	2777	0	2777	2777		[0]	3000	1000
hero:Gatot:GoldenGuard	testcases/gatot_verified/s16-1500-inf-1500-marksman-vs-1000-inf.json#0	2777	1	2777		omit	True	1	2791	0	2791	2791		[14]	3000	1000
hero:Gatot:GoldenGuard	testcases/gatot_verified/s16-1500-inf-1500-marksman-vs-1000-inf.json#0	2777	1	2777		all_own	True	1	2777	0	2777	2777		[0]	3000	1000
hero:Gatot:GoldenGuard	testcases/gatot_verified/s16-2000-inf-2000-marksman-vs-1000-inf.json#0	3809	1	3809		current	True	1	3809	0	3809	3809		[0]	4000	1000
hero:Gatot:GoldenGuard	testcases/gatot_verified/s16-2000-inf-2000-marksman-vs-1000-inf.json#0	3809	1	3809		omit	True	1	3821	0	3821	3821		[12]	4000	1000
hero:Gatot:GoldenGuard	testcases/gatot_verified/s16-2000-inf-2000-marksman-vs-1000-inf.json#0	3809	1	3809		all_own	True	1	3809	0	3809	3809		[0]	4000	1000
hero:Gatot:GoldenGuard	testcases/gatot_verified/s16-2000-inf-2000-marksman-vs-5000-inf.json#0	396	1	396		current	True	1	394	0	394	394		[-2]	4000	5000
hero:Gatot:GoldenGuard	testcases/gatot_verified/s16-2000-inf-2000-marksman-vs-5000-inf.json#0	396	1	396		omit	True	1	1351	0	1351	1351		[955]	4000	5000
hero:Gatot:GoldenGuard	testcases/gatot_verified/s16-2000-inf-2000-marksman-vs-5000-inf.json#0	396	1	396		all_own	True	1	394	0	394	394		[-2]	4000	5000
hero:Gatot:GoldenGuard	testcases/gatot_verified/s16-7500-inf-vs-5000-inf.json#0	-2513	1	-2513		current	True	1	-2514	0	-2514	-2514		[-1]	7500	5000
hero:Gatot:GoldenGuard	testcases/gatot_verified/s16-7500-inf-vs-5000-inf.json#0	-2513	1	-2513		omit	True	1	-2228	0	-2228	-2228		[285]	7500	5000
hero:Gatot:GoldenGuard	testcases/gatot_verified/s16-7500-inf-vs-5000-inf.json#0	-2513	1	-2513		all_own	True	1	-2514	0	-2514	-2514		[-1]	7500	5000
hero:Gatot:GoldenGuard	testcases/gatot_verified/s2-health-1.1-4950-vs-1000.json#0	4043	1	4043		current	True	1	4038	0	4038	4038		[-5]	4950	1000
hero:Gatot:GoldenGuard	testcases/gatot_verified/s2-health-1.1-4950-vs-1000.json#0	4043	1	4043		omit	True	1	4947	0	4947	4947		[904]	4950	1000
hero:Gatot:GoldenGuard	testcases/gatot_verified/s2-health-1.1-4950-vs-1000.json#0	4043	1	4043		all_own	True	1	4038	0	4038	4038		[-5]	4950	1000
hero:Gatot:GoldenGuard	testcases/gatot_verified/s2-health-1.1-5000-vs-1000.json#0	4327	1	4327		current	True	1	4321	0	4321	4321		[-6]	5000	1000
hero:Gatot:GoldenGuard	testcases/gatot_verified/s2-health-1.1-5000-vs-1000.json#0	4327	1	4327		omit	True	1	4997	0	4997	4997		[670]	5000	1000
hero:Gatot:GoldenGuard	testcases/gatot_verified/s2-health-1.1-5000-vs-1000.json#0	4327	1	4327		all_own	True	1	4321	0	4321	4321		[-6]	5000	1000
hero:Gatot:GoldenGuard	testcases/gatot_verified/s2-health-1.1-5050-vs-1000.json#0	4641	1	4641		current	True	1	4634	0	4634	4634		[-7]	5050	1000
hero:Gatot:GoldenGuard	testcases/gatot_verified/s2-health-1.1-5050-vs-1000.json#0	4641	1	4641		omit	True	1	5047	0	5047	5047		[406]	5050	1000
hero:Gatot:GoldenGuard	testcases/gatot_verified/s2-health-1.1-5050-vs-1000.json#0	4641	1	4641		all_own	True	1	4634	0	4634	4634		[-7]	5050	1000
hero:Gatot:GoldenGuard	testcases/gatot_verified/s2-health-1.1-5100-vs-1000.json#0	5017	1	5017		current	True	1	5007	0	5007	5007		[-10]	5100	1000
hero:Gatot:GoldenGuard	testcases/gatot_verified/s2-health-1.1-5100-vs-1000.json#0	5017	1	5017		omit	True	1	5097	0	5097	5097		[80]	5100	1000
hero:Gatot:GoldenGuard	testcases/gatot_verified/s2-health-1.1-5100-vs-1000.json#0	5017	1	5017		all_own	True	1	5007	0	5007	5007		[-10]	5100	1000
hero:Gatot:GoldenGuard	testcases/gatot_verified/s2-health-1.1-5150-vs-1000.json#0	5147	1	5147		current	True	1	5147	0	5147	5147		[0]	5150	1000
hero:Gatot:GoldenGuard	testcases/gatot_verified/s2-health-1.1-5150-vs-1000.json#0	5147	1	5147		omit	True	1	5147	0	5147	5147		[0]	5150	1000
hero:Gatot:GoldenGuard	testcases/gatot_verified/s2-health-1.1-5150-vs-1000.json#0	5147	1	5147		all_own	True	1	5147	0	5147	5147		[0]	5150	1000
hero:Gatot:GoldenGuard	testcases/gatot_verified/s25-1000-inf-3000-marksman-vs-5000-inf.json#0	-2110	1	-2110		current	True	1	-2111	0	-2111	-2111		[-1]	4000	5000
hero:Gatot:GoldenGuard	testcases/gatot_verified/s25-1000-inf-3000-marksman-vs-5000-inf.json#0	-2110	1	-2110		omit	True	1	-1833	0	-1833	-1833		[277]	4000	5000
hero:Gatot:GoldenGuard	testcases/gatot_verified/s25-1000-inf-3000-marksman-vs-5000-inf.json#0	-2110	1	-2110		all_own	True	1	-2111	0	-2111	-2111		[-1]	4000	5000
hero:Gatot:GoldenGuard	testcases/gatot_verified/s25-2000-inf-2000-marksman-vs-2000-inf.json#0	3441	1	3441		current	True	1	3440	0	3440	3440		[-1]	4000	2000
hero:Gatot:GoldenGuard	testcases/gatot_verified/s25-2000-inf-2000-marksman-vs-2000-inf.json#0	3441	1	3441		omit	True	1	3474	0	3474	3474		[33]	4000	2000
hero:Gatot:GoldenGuard	testcases/gatot_verified/s25-2000-inf-2000-marksman-vs-2000-inf.json#0	3441	1	3441		all_own	True	1	3440	0	3440	3440		[-1]	4000	2000
hero:Gatot:GoldenGuard	testcases/gatot_verified/s25-2000-inf-2000-marksman-vs-3000-inf.json#0	2959	1	2959		current	True	1	2959	0	2959	2959		[0]	4000	3000
hero:Gatot:GoldenGuard	testcases/gatot_verified/s25-2000-inf-2000-marksman-vs-3000-inf.json#0	2959	1	2959		omit	True	1	3023	0	3023	3023		[64]	4000	3000
hero:Gatot:GoldenGuard	testcases/gatot_verified/s25-2000-inf-2000-marksman-vs-3000-inf.json#0	2959	1	2959		all_own	True	1	2959	0	2959	2959		[0]	4000	3000
hero:Gatot:GoldenGuard	testcases/gatot_verified/s25-2000-inf-2000-marksman-vs-4000-inf.json#0	2365	1	2365		current	True	1	2365	0	2365	2365		[0]	4000	4000
hero:Gatot:GoldenGuard	testcases/gatot_verified/s25-2000-inf-2000-marksman-vs-4000-inf.json#0	2365	1	2365		omit	True	1	2469	0	2469	2469		[104]	4000	4000
hero:Gatot:GoldenGuard	testcases/gatot_verified/s25-2000-inf-2000-marksman-vs-4000-inf.json#0	2365	1	2365		all_own	True	1	2365	0	2365	2365		[0]	4000	4000
hero:Gatot:GoldenGuard	testcases/gatot_verified/s25-3000-inf-1000-marksman-vs-5000-inf.json#0	554	1	554		current	True	1	552	0	552	552		[-2]	4000	5000
hero:Gatot:GoldenGuard	testcases/gatot_verified/s25-3000-inf-1000-marksman-vs-5000-inf.json#0	554	1	554		omit	True	1	1129	0	1129	1129		[575]	4000	5000
hero:Gatot:GoldenGuard	testcases/gatot_verified/s25-3000-inf-1000-marksman-vs-5000-inf.json#0	554	1	554		all_own	True	1	552	0	552	552		[-2]	4000	5000
hero:Gatot:GoldenGuard	testcases/gatot_verified/s3-5000-inf-vs-1000-inf-10-lancer.json#0	4573	1	4573		current	True	1	4996	0	4996	4996		[423]	5000	1010
hero:Gatot:GoldenGuard	testcases/gatot_verified/s3-5000-inf-vs-1000-inf-10-lancer.json#0	4573	1	4573		omit	True	1	4992	0	4992	4992		[419]	5000	1010
hero:Gatot:GoldenGuard	testcases/gatot_verified/s3-5000-inf-vs-1000-inf-10-lancer.json#0	4573	1	4573		all_own	True	1	4996	0	4996	4996		[423]	5000	1010
hero:Gatot:GoldenGuard	testcases/gatot_verified/s31-current-2000-inf-2000-marksman-vs-5000-inf.json#0	2291	1	2291		current	True	1	2290	0	2290	2290		[-1]	4000	5000
hero:Gatot:GoldenGuard	testcases/gatot_verified/s31-current-2000-inf-2000-marksman-vs-5000-inf.json#0	2291	1	2291		omit	True	1	2400	0	2400	2400		[109]	4000	5000
hero:Gatot:GoldenGuard	testcases/gatot_verified/s31-current-2000-inf-2000-marksman-vs-5000-inf.json#0	2291	1	2291		all_own	True	1	2290	0	2290	2290		[-1]	4000	5000
hero:Gatot:GoldenGuard	testcases/gatot_verified/s32-current-750-marksman-wayne-vs-3000-inf.json#0	-2738	1	-2738		current	True	1	-2738	0	-2738	-2738		[0]	750	3000
hero:Gatot:GoldenGuard	testcases/gatot_verified/s32-current-750-marksman-wayne-vs-3000-inf.json#0	-2738	1	-2738		omit	True	1	-2718	0	-2718	-2718		[20]	750	3000
hero:Gatot:GoldenGuard	testcases/gatot_verified/s32-current-750-marksman-wayne-vs-3000-inf.json#0	-2738	1	-2738		all_own	True	1	-2738	0	-2738	-2738		[0]	750	3000
hero:Gatot:GoldenGuard	testcases/gatot_verified/s33-current-500-marksman-wayne3-vs-5000-gatot3-inf.json#0	-4977	1	-4977		current	False	500	-4972.116	4.5426661368916985	-4979	-4962	0.360982		500	5000
hero:Gatot:GoldenGuard	testcases/gatot_verified/s33-current-500-marksman-wayne3-vs-5000-gatot3-inf.json#0	-4977	1	-4977		omit	False	500	-4968.566	4.8584826548434945	-4976	-4958	0.070096		500	5000
hero:Gatot:GoldenGuard	testcases/gatot_verified/s33-current-500-marksman-wayne3-vs-5000-gatot3-inf.json#0	-4977	1	-4977		all_own	False	500	-4972.116	4.5426661368916985	-4979	-4962	0.360982		500	5000
hero:Gatot:GoldenGuard	testcases/gatot_verified/s34-current-2100-lancer-2100-marksman-vs-1100-gatot3-inf.json#0	-236	1	-236		current	True	1	-236	0	-236	-236		[0]	4200	1100
hero:Gatot:GoldenGuard	testcases/gatot_verified/s34-current-2100-lancer-2100-marksman-vs-1100-gatot3-inf.json#0	-236	1	-236		omit	True	1	468	0	468	468		[704]	4200	1100
hero:Gatot:GoldenGuard	testcases/gatot_verified/s34-current-2100-lancer-2100-marksman-vs-1100-gatot3-inf.json#0	-236	1	-236		all_own	True	1	-236	0	-236	-236		[0]	4200	1100
hero:Gatot:GoldenGuard	testcases/gatot_verified/s35-current-3000-lancer-1000-marksman-vs-1100-gatot3-inf.json#0	-314	1	-314		current	True	1	-314	0	-314	-314		[0]	4000	1100
hero:Gatot:GoldenGuard	testcases/gatot_verified/s35-current-3000-lancer-1000-marksman-vs-1100-gatot3-inf.json#0	-314	1	-314		omit	True	1	-131	0	-131	-131		[183]	4000	1100
hero:Gatot:GoldenGuard	testcases/gatot_verified/s35-current-3000-lancer-1000-marksman-vs-1100-gatot3-inf.json#0	-314	1	-314		all_own	True	1	-314	0	-314	-314		[0]	4000	1100
hero:Gatot:GoldenGuard	testcases/gatot_verified/s36-current-600-lancer-600-marksman-vs-1100-gatot3-inf.json#0	-1058	1	-1058		current	True	1	-1058	0	-1058	-1058		[0]	1200	1100
hero:Gatot:GoldenGuard	testcases/gatot_verified/s36-current-600-lancer-600-marksman-vs-1100-gatot3-inf.json#0	-1058	1	-1058		omit	True	1	-1050	0	-1050	-1050		[8]	1200	1100
hero:Gatot:GoldenGuard	testcases/gatot_verified/s36-current-600-lancer-600-marksman-vs-1100-gatot3-inf.json#0	-1058	1	-1058		all_own	True	1	-1058	0	-1058	-1058		[0]	1200	1100
hero:Gatot:GoldenGuard	testcases/gatot_verified/s37-current-bilateral-gatot-2000-inf-2000-marksman-vs-5000-inf.json#0	3782	1	3782		current	True	1	3782	0	3782	3782		[0]	4000	5000
hero:Gatot:GoldenGuard	testcases/gatot_verified/s37-current-bilateral-gatot-2000-inf-2000-marksman-vs-5000-inf.json#0	3782	1	3782		omit	True	1	3754	0	3754	3754		[-28]	4000	5000
hero:Gatot:GoldenGuard	testcases/gatot_verified/s37-current-bilateral-gatot-2000-inf-2000-marksman-vs-5000-inf.json#0	3782	1	3782		all_own	True	1	3782	0	3782	3782		[0]	4000	5000
hero:Gatot:GoldenGuard	testcases/gatot_verified/s38-current-bilateral-gatot-800-inf-800-marksman-vs-1100-inf.json#0	-224	1	-224		current	True	1	-224	0	-224	-224		[0]	1600	1100
hero:Gatot:GoldenGuard	testcases/gatot_verified/s38-current-bilateral-gatot-800-inf-800-marksman-vs-1100-inf.json#0	-224	1	-224		omit	True	1	282	0	282	282		[506]	1600	1100
hero:Gatot:GoldenGuard	testcases/gatot_verified/s38-current-bilateral-gatot-800-inf-800-marksman-vs-1100-inf.json#0	-224	1	-224		all_own	True	1	-220	0	-220	-220		[4]	1600	1100
hero:Gatot:GoldenGuard	testcases/gatot_verified/s39-1000-lancer-400-marksman-vs-500-gatot3-inf.json#0	-397	1	-397		current	True	1	-397	0	-397	-397		[0]	1400	500
hero:Gatot:GoldenGuard	testcases/gatot_verified/s39-1000-lancer-400-marksman-vs-500-gatot3-inf.json#0	-397	1	-397		omit	True	1	-377	0	-377	-377		[20]	1400	500
hero:Gatot:GoldenGuard	testcases/gatot_verified/s39-1000-lancer-400-marksman-vs-500-gatot3-inf.json#0	-397	1	-397		all_own	True	1	-397	0	-397	-397		[0]	1400	500
hero:Gatot:GoldenGuard	testcases/gatot_verified/s4-fc9-gatot-10000.json#0	9992	1	9992		current	False	500	9993.158	1.4619543841182225	9992	9995	1		10000	10000
hero:Gatot:GoldenGuard	testcases/gatot_verified/s4-fc9-gatot-10000.json#0	9992	1	9992		omit	False	500	9990.544	1.9492725121576167	9989	9993	0.283886		10000	10000
hero:Gatot:GoldenGuard	testcases/gatot_verified/s4-fc9-gatot-10000.json#0	9992	1	9992		all_own	False	500	9993.158	1.4619543841182225	9992	9995	1		10000	10000
hero:Gatot:GoldenGuard	testcases/gatot_verified/s4-fc9-gatot-20000.json#0	19983	1	19983		current	False	500	19985.184	2.8897829834405906	19983	19989	1		20000	20000
hero:Gatot:GoldenGuard	testcases/gatot_verified/s4-fc9-gatot-20000.json#0	19983	1	19983		omit	False	500	19794.44	14.52212740505807	19765	19823	5e-05		20000	20000
hero:Gatot:GoldenGuard	testcases/gatot_verified/s4-fc9-gatot-20000.json#0	19983	1	19983		all_own	False	500	19985.184	2.8897829834405906	19983	19989	1		20000	20000
hero:Gatot:GoldenGuard	testcases/gatot_verified/s4-fc9-gatot-40000.json#0	39135	1	39135		current	False	500	39252.358	43.40846029116561	39170	39342	0.014899		40000	40000
hero:Gatot:GoldenGuard	testcases/gatot_verified/s4-fc9-gatot-40000.json#0	39135	1	39135		omit	False	500	37924.794	100.48708809467759	37737	38120	5e-05		40000	40000
hero:Gatot:GoldenGuard	testcases/gatot_verified/s4-fc9-gatot-40000.json#0	39135	1	39135		all_own	False	500	39252.358	43.40846029116561	39170	39342	0.014899		40000	40000
hero:Gatot:GoldenGuard	testcases/gatot_verified/s4-fc9-gatot-90000.json#0	83565	1	83565		current	False	500	83398.882	208.80816501169457	83002	83782	0.420579		90000	90000
hero:Gatot:GoldenGuard	testcases/gatot_verified/s4-fc9-gatot-90000.json#0	83565	1	83565		omit	False	500	79983.546	258.19675251640956	79484	80478	5e-05		90000	90000
hero:Gatot:GoldenGuard	testcases/gatot_verified/s4-fc9-gatot-90000.json#0	83565	1	83565		all_own	False	500	83398.882	208.80816501169457	83002	83782	0.420579		90000	90000
hero:Gatot:GoldenGuard	testcases/gatot_verified/s40-2000-inf-1000-marksman-vs-5000-inf.json#0	2802	1	2802		current	True	1	2802	0	2802	2802		[0]	3000	5000
hero:Gatot:GoldenGuard	testcases/gatot_verified/s40-2000-inf-1000-marksman-vs-5000-inf.json#0	2802	1	2802		omit	True	1	2764	0	2764	2764		[-38]	3000	5000
hero:Gatot:GoldenGuard	testcases/gatot_verified/s40-2000-inf-1000-marksman-vs-5000-inf.json#0	2802	1	2802		all_own	True	1	2802	0	2802	2802		[0]	3000	5000
hero:Gatot:GoldenGuard	testcases/gatot_verified/s41-300-inf-200-lancer-600-marksman-vs-500-inf.json#0	939	1	939		current	True	1	939	0	939	939		[0]	1100	500
hero:Gatot:GoldenGuard	testcases/gatot_verified/s41-300-inf-200-lancer-600-marksman-vs-500-inf.json#0	939	1	939		omit	True	1	942	0	942	942		[3]	1100	500
hero:Gatot:GoldenGuard	testcases/gatot_verified/s41-300-inf-200-lancer-600-marksman-vs-500-inf.json#0	939	1	939		all_own	True	1	939	0	939	939		[0]	1100	500
hero:Gatot:GoldenGuard	testcases/gatot_verified/s42-current-wayne-skill-shield-scope-200-inf-vs-450-inf.json#0	32	1	32		current	False	500	31.24	1.7969022553914464	27	32	1		200	450
hero:Gatot:GoldenGuard	testcases/gatot_verified/s42-current-wayne-skill-shield-scope-200-inf-vs-450-inf.json#0	32	1	32		omit	False	500	148.902	3.492390238670104	143	151	5e-05		200	450
hero:Gatot:GoldenGuard	testcases/gatot_verified/s42-current-wayne-skill-shield-scope-200-inf-vs-450-inf.json#0	32	1	32		all_own	False	500	31.24	1.7969022553914464	27	32	1		200	450
hero:Gatot:GoldenGuard	testcases/gatot_verified/s43-current-reciprocal-shield-cap-450-inf-vs-200-inf.json#0	-27	1	-27		current	True	1	-27	0	-27	-27		[0]	450	200
hero:Gatot:GoldenGuard	testcases/gatot_verified/s43-current-reciprocal-shield-cap-450-inf-vs-200-inf.json#0	-27	1	-27		omit	True	1	-141	0	-141	-141		[-114]	450	200
hero:Gatot:GoldenGuard	testcases/gatot_verified/s43-current-reciprocal-shield-cap-450-inf-vs-200-inf.json#0	-27	1	-27		all_own	True	1	-27	0	-27	-27		[0]	450	200
hero:Gatot:GoldenGuard	testcases/gatot_verified/s44-current-reciprocal-shield-cap-2500-inf-vs-500-inf.json#0	477	1	477		current	True	1	477	0	477	477		[0]	2500	500
hero:Gatot:GoldenGuard	testcases/gatot_verified/s44-current-reciprocal-shield-cap-2500-inf-vs-500-inf.json#0	477	1	477		omit	True	1	299	0	299	299		[-178]	2500	500
hero:Gatot:GoldenGuard	testcases/gatot_verified/s44-current-reciprocal-shield-cap-2500-inf-vs-500-inf.json#0	477	1	477		all_own	True	1	477	0	477	477		[0]	2500	500
hero:Gatot:GoldenGuard	testcases/gatot_verified/s5-fc9-gatot-lumak-20000.json#0	19986	1	19986		current	False	500	19987.84	2.413721629394824	19986	19991	1		20000	20000
hero:Gatot:GoldenGuard	testcases/gatot_verified/s5-fc9-gatot-lumak-20000.json#0	19986	1	19986		omit	False	500	19984.208	2.8964659552737912	19982	19988	0.081946		20000	20000
hero:Gatot:GoldenGuard	testcases/gatot_verified/s5-fc9-gatot-lumak-20000.json#0	19986	1	19986		all_own	False	500	19987.84	2.413721629394824	19986	19991	1		20000	20000
hero:Gatot:GoldenGuard	testcases/gatot_verified/s5-fc9-gatot-lumak-40000.json#0	39914	1	39914		current	False	500	39914.57	7.6392287327493005	39900	39928	0.647268		40000	40000
hero:Gatot:GoldenGuard	testcases/gatot_verified/s5-fc9-gatot-lumak-40000.json#0	39914	1	39914		omit	False	500	39137.03	54.27541562699429	39036	39252	5e-05		40000	40000
hero:Gatot:GoldenGuard	testcases/gatot_verified/s5-fc9-gatot-lumak-40000.json#0	39914	1	39914		all_own	False	500	39914.57	7.6392287327493005	39900	39928	0.647268		40000	40000
hero:Gatot:GoldenGuard	testcases/gatot_verified/s5-fc9-gatot-lumak-90000.json#0	86767	1	86767		current	False	500	86801.584	143.95736309330465	86537	87085	0.459227		90000	90000
hero:Gatot:GoldenGuard	testcases/gatot_verified/s5-fc9-gatot-lumak-90000.json#0	86767	1	86767		omit	False	500	83952.826	202.5520337512152	83586	84355	5e-05		90000	90000
hero:Gatot:GoldenGuard	testcases/gatot_verified/s5-fc9-gatot-lumak-90000.json#0	86767	1	86767		all_own	False	500	86801.584	143.95736309330465	86537	87085	0.459227		90000	90000
hero:Gatot:GoldenGuard	testcases/gatot_verified/s7-10000-t6-marksmen-vs-one-t1-fc10-infantry.json#0	9539	1	9539		current	False	500	9539	0	9539	9539	1		10000	1
hero:Gatot:GoldenGuard	testcases/gatot_verified/s7-10000-t6-marksmen-vs-one-t1-fc10-infantry.json#0	9539	1	9539		omit	False	500	9539	0	9539	9539	1		10000	1
hero:Gatot:GoldenGuard	testcases/gatot_verified/s7-10000-t6-marksmen-vs-one-t1-fc10-infantry.json#0	9539	1	9539		all_own	False	500	9539	0	9539	9539	1		10000	1
hero:Gatot:GoldenGuard	testcases/gatot_verified/s8-10000-t9-marksmen-vs-one-t1-fc10-infantry.json#0	9719	1	9719		current	False	500	9719	0	9719	9719	1		10000	1
hero:Gatot:GoldenGuard	testcases/gatot_verified/s8-10000-t9-marksmen-vs-one-t1-fc10-infantry.json#0	9719	1	9719		omit	False	500	9924.574	15.47240494006207	9892	9952	5e-05		10000	1
hero:Gatot:GoldenGuard	testcases/gatot_verified/s8-10000-t9-marksmen-vs-one-t1-fc10-infantry.json#0	9719	1	9719		all_own	False	500	9719	0	9719	9719	1		10000	1
hero:Gatot:GoldenGuard	testcases/gatot_verified/s8-11548-t9-marksmen-vs-one-t1-fc10-infantry.json#0	11267	1	11267		current	False	500	11344.842	25.174919844526954	11294	11390	0.00175		11548	1
hero:Gatot:GoldenGuard	testcases/gatot_verified/s8-11548-t9-marksmen-vs-one-t1-fc10-infantry.json#0	11267	1	11267		omit	False	500	11489.934	13.086487546802804	11462	11512	5e-05		11548	1
hero:Gatot:GoldenGuard	testcases/gatot_verified/s8-11548-t9-marksmen-vs-one-t1-fc10-infantry.json#0	11267	1	11267		all_own	False	500	11344.842	25.174919844526954	11294	11390	0.00175		11548	1
hero:Gatot:GoldenGuard	testcases/gatot_verified/s8-11791-t9-marksmen-vs-one-t1-fc10-infantry.json#0	11548	1	11548		current	False	500	11605.97	22.886692670694178	11556	11648	0.014999		11791	1
hero:Gatot:GoldenGuard	testcases/gatot_verified/s8-11791-t9-marksmen-vs-one-t1-fc10-infantry.json#0	11548	1	11548		omit	False	500	11735.088	12.359035055172818	11708	11757	5e-05		11791	1
hero:Gatot:GoldenGuard	testcases/gatot_verified/s8-11791-t9-marksmen-vs-one-t1-fc10-infantry.json#0	11548	1	11548		all_own	False	500	11605.97	22.886692670694178	11556	11648	0.014999		11791	1
hero:Gatot:GoldenGuard	testcases/gatot_verified/s8-12000-t9-marksmen-vs-one-t1-fc10-infantry.json#0	11791	1	11791		current	False	500	11826.482	22.44962465821175	11781	11869	0.131093		12000	1
hero:Gatot:GoldenGuard	testcases/gatot_verified/s8-12000-t9-marksmen-vs-one-t1-fc10-infantry.json#0	11791	1	11791		omit	False	500	11945.516	12.911978251404012	11919	11966	5e-05		12000	1
hero:Gatot:GoldenGuard	testcases/gatot_verified/s8-12000-t9-marksmen-vs-one-t1-fc10-infantry.json#0	11791	1	11791		all_own	False	500	11826.482	22.44962465821175	11781	11869	0.131093		12000	1
hero:Gatot:GoldenGuard	testcases/gatot_verified/s8-20000-t9-marksmen-vs-one-t1-fc10-infantry.json#0	19943	1	19943		current	False	500	19942.93	12.41472314235814	19918	19964	0.975351		20000	1
hero:Gatot:GoldenGuard	testcases/gatot_verified/s8-20000-t9-marksmen-vs-one-t1-fc10-infantry.json#0	19943	1	19943		omit	False	500	19975.492	7.29303178556424	19959	19988	5e-05		20000	1
hero:Gatot:GoldenGuard	testcases/gatot_verified/s8-20000-t9-marksmen-vs-one-t1-fc10-infantry.json#0	19943	1	19943		all_own	False	500	19942.93	12.41472314235814	19918	19964	0.975351		20000	1
hero:Gatot:GoldenGuard	testcases/gatot_verified/s8-25000-t9-marksmen-vs-one-t1-fc10-infantry.json#0	24929	1	24929		current	False	500	24963.074	9.46317215602189	24943	24980	0.00255		25000	1
hero:Gatot:GoldenGuard	testcases/gatot_verified/s8-25000-t9-marksmen-vs-one-t1-fc10-infantry.json#0	24929	1	24929		omit	False	500	24988.486	3.0212679656462886	24982	24994	5e-05		25000	1
hero:Gatot:GoldenGuard	testcases/gatot_verified/s8-25000-t9-marksmen-vs-one-t1-fc10-infantry.json#0	24929	1	24929		all_own	False	500	24963.074	9.46317215602189	24943	24980	0.00255		25000	1
hero:Gatot:GoldenGuard	testcases/gatot_verified/s8-30116-t9-marksmen-vs-one-t1-fc10-infantry.json#0	30081	1	30081		current	False	500	30087.208	8.194818246439926	30067	30100	0.416379		30116	1
hero:Gatot:GoldenGuard	testcases/gatot_verified/s8-30116-t9-marksmen-vs-one-t1-fc10-infantry.json#0	30081	1	30081		omit	False	500	30108.496	1.8012420564409866	30105	30112	5e-05		30116	1
hero:Gatot:GoldenGuard	testcases/gatot_verified/s8-30116-t9-marksmen-vs-one-t1-fc10-infantry.json#0	30081	1	30081		all_own	False	500	30087.208	8.194818246439926	30067	30100	0.416379		30116	1
hero:Gatot:GoldenGuard	testcases/gatot_verified/s8-30139-t9-marksmen-vs-one-t1-fc10-infantry.json#0	30116	1	30116		current	False	500	30110.914	8.358848287256992	30094	30125	0.681466		30139	1
hero:Gatot:GoldenGuard	testcases/gatot_verified/s8-30139-t9-marksmen-vs-one-t1-fc10-infantry.json#0	30116	1	30116		omit	False	500	30131.554	1.7870285229631175	30128	30135	5e-05		30139	1
hero:Gatot:GoldenGuard	testcases/gatot_verified/s8-30139-t9-marksmen-vs-one-t1-fc10-infantry.json#0	30116	1	30116		all_own	False	500	30110.914	8.358848287256992	30094	30125	0.681466		30139	1
hero:Gatot:GoldenGuard	testcases/gatot_verified/s8-30179-t9-marksmen-vs-one-t1-fc10-infantry.json#0	30139	1	30139		current	False	500	30150.136	8.669938850958435	30132	30164	0.173191		30179	1
hero:Gatot:GoldenGuard	testcases/gatot_verified/s8-30179-t9-marksmen-vs-one-t1-fc10-infantry.json#0	30139	1	30139		omit	False	500	30171.784	1.8043989889774528	30168	30175	5e-05		30179	1
hero:Gatot:GoldenGuard	testcases/gatot_verified/s8-30179-t9-marksmen-vs-one-t1-fc10-infantry.json#0	30139	1	30139		all_own	False	500	30150.136	8.669938850958435	30132	30164	0.173191		30179	1
hero:Gatot:GoldenGuard	testcases/gatot_verified/s8-30205-t9-marksmen-vs-one-t1-fc10-infantry.json#0	30179	1	30179		current	False	500	30176.21	7.874128764988224	30160	30190	0.863057		30205	1
hero:Gatot:GoldenGuard	testcases/gatot_verified/s8-30205-t9-marksmen-vs-one-t1-fc10-infantry.json#0	30179	1	30179		omit	False	500	30197.562	1.7664644897611699	30194	30201	5e-05		30205	1
hero:Gatot:GoldenGuard	testcases/gatot_verified/s8-30205-t9-marksmen-vs-one-t1-fc10-infantry.json#0	30179	1	30179		all_own	False	500	30176.21	7.874128764988224	30160	30190	0.863057		30205	1
hero:Gatot:GoldenGuard	testcases/gatot_verified/s8-30228-t9-marksmen-vs-one-t1-fc10-infantry.json#0	30205	1	30205		current	False	500	30199.966	7.805042047466808	30182	30213	0.707215		30228	1
hero:Gatot:GoldenGuard	testcases/gatot_verified/s8-30228-t9-marksmen-vs-one-t1-fc10-infantry.json#0	30205	1	30205		omit	False	500	30220.692	1.7456318228429124	30217	30224	5e-05		30228	1
hero:Gatot:GoldenGuard	testcases/gatot_verified/s8-30228-t9-marksmen-vs-one-t1-fc10-infantry.json#0	30205	1	30205		all_own	False	500	30199.966	7.805042047466808	30182	30213	0.707215		30228	1
hero:Gatot:GoldenGuard	testcases/gatot_verified/s8-33427-t9-marksmen-vs-one-t1-fc10-infantry.json#0	33401	1	33401		current	False	500	33402.77	6.840664396004051	33388	33413	0.867557		33427	1
hero:Gatot:GoldenGuard	testcases/gatot_verified/s8-33427-t9-marksmen-vs-one-t1-fc10-infantry.json#0	33401	1	33401		omit	False	500	33421.134	1.4847400128681272	33418	33424	5e-05		33427	1
hero:Gatot:GoldenGuard	testcases/gatot_verified/s8-33427-t9-marksmen-vs-one-t1-fc10-infantry.json#0	33401	1	33401		all_own	False	500	33402.77	6.840664396004051	33388	33413	0.867557		33427	1
hero:Gatot:GoldenGuard	testcases/gatot_verified/s8-33452-t9-marksmen-vs-one-t1-fc10-infantry.json#0	33427	1	33427		current	False	500	33426.856	7.472009492211779	33409	33439	0.876706		33452	1
hero:Gatot:GoldenGuard	testcases/gatot_verified/s8-33452-t9-marksmen-vs-one-t1-fc10-infantry.json#0	33427	1	33427		omit	False	500	33446.004	1.5338478994859603	33443	33449	5e-05		33452	1
hero:Gatot:GoldenGuard	testcases/gatot_verified/s8-33452-t9-marksmen-vs-one-t1-fc10-infantry.json#0	33427	1	33427		all_own	False	500	33426.856	7.472009492211779	33409	33439	0.876706		33452	1
hero:Gatot:GoldenGuard	testcases/gatot_verified/s8-33481-t9-marksmen-vs-one-t1-fc10-infantry.json#0	33452	1	33452		current	False	500	33456.22	6.9466619483352146	33440	33467	0.427029		33481	1
hero:Gatot:GoldenGuard	testcases/gatot_verified/s8-33481-t9-marksmen-vs-one-t1-fc10-infantry.json#0	33452	1	33452		omit	False	500	33475.006	1.4731953737432237	33472	33478	5e-05		33481	1
hero:Gatot:GoldenGuard	testcases/gatot_verified/s8-33481-t9-marksmen-vs-one-t1-fc10-infantry.json#0	33452	1	33452		all_own	False	500	33456.22	6.9466619483352146	33440	33467	0.427029		33481	1
hero:Gatot:GoldenGuard	testcases/gatot_verified/s8-33510-t9-marksmen-vs-one-t1-fc10-infantry.json#0	33481	1	33481		current	False	500	33485.798	7.2706892275552315	33470	33498	0.432728		33510	1
hero:Gatot:GoldenGuard	testcases/gatot_verified/s8-33510-t9-marksmen-vs-one-t1-fc10-infantry.json#0	33481	1	33481		omit	False	500	33504.212	1.478996572586775	33501	33507	5e-05		33510	1
hero:Gatot:GoldenGuard	testcases/gatot_verified/s8-33510-t9-marksmen-vs-one-t1-fc10-infantry.json#0	33481	1	33481		all_own	False	500	33485.798	7.2706892275552315	33470	33498	0.432728		33510	1
hero:Gatot:KingsBestowal	testcases/gatot_verified/s1-4900-vs-1000.json#0	3901	1	3901		current	True	1	3901	0	3901	3901		[0]	4900	1000
hero:Gatot:KingsBestowal	testcases/gatot_verified/s1-4900-vs-1000.json#0	3901	1	3901		omit	True	1	4355	0	4355	4355		[454]	4900	1000
hero:Gatot:KingsBestowal	testcases/gatot_verified/s1-4900-vs-1000.json#0	3901	1	3901		normal_only	True	1	3901	0	3901	3901		[0]	4900	1000
hero:Gatot:KingsBestowal	testcases/gatot_verified/s1-4950-vs-1000.json#0	4092	1	4092		current	True	1	4085	0	4085	4085		[-7]	4950	1000
hero:Gatot:KingsBestowal	testcases/gatot_verified/s1-4950-vs-1000.json#0	4092	1	4092		omit	True	1	4408	0	4408	4408		[316]	4950	1000
hero:Gatot:KingsBestowal	testcases/gatot_verified/s1-4950-vs-1000.json#0	4092	1	4092		normal_only	True	1	4085	0	4085	4085		[-7]	4950	1000
hero:Gatot:KingsBestowal	testcases/gatot_verified/s1-5000-vs-1000.json#0	4484	1	4484		current	True	1	4475	0	4475	4475		[-9]	5000	1000
hero:Gatot:KingsBestowal	testcases/gatot_verified/s1-5000-vs-1000.json#0	4484	1	4484		omit	True	1	4461	0	4461	4461		[-23]	5000	1000
hero:Gatot:KingsBestowal	testcases/gatot_verified/s1-5000-vs-1000.json#0	4484	1	4484		normal_only	True	1	4475	0	4475	4475		[-9]	5000	1000
hero:Gatot:KingsBestowal	testcases/gatot_verified/s1-5050-vs-1000.json#0	4973	1	4973		current	True	1	4959	0	4959	4959		[-14]	5050	1000
hero:Gatot:KingsBestowal	testcases/gatot_verified/s1-5050-vs-1000.json#0	4973	1	4973		omit	True	1	4514	0	4514	4514		[-459]	5050	1000
hero:Gatot:KingsBestowal	testcases/gatot_verified/s1-5050-vs-1000.json#0	4973	1	4973		normal_only	True	1	4959	0	4959	4959		[-14]	5050	1000
hero:Gatot:KingsBestowal	testcases/gatot_verified/s10-bradley-1000-inf-125-marksman-vs-5000-inf.json#0	-2296	1	-2296		current	True	1	-2274	0	-2274	-2274		[22]	1125	5000
hero:Gatot:KingsBestowal	testcases/gatot_verified/s10-bradley-1000-inf-125-marksman-vs-5000-inf.json#0	-2296	1	-2296		omit	True	1	-2917	0	-2917	-2917		[-621]	1125	5000
hero:Gatot:KingsBestowal	testcases/gatot_verified/s10-bradley-1000-inf-125-marksman-vs-5000-inf.json#0	-2296	1	-2296		normal_only	True	1	-2274	0	-2274	-2274		[22]	1125	5000
hero:Gatot:KingsBestowal	testcases/gatot_verified/s15.2-secondary-heroes-1000-inf-125-lancer-125-marksman.json#0	851	1	851		current	True	1	834	0	834	834		[-17]	1250	5000
hero:Gatot:KingsBestowal	testcases/gatot_verified/s15.2-secondary-heroes-1000-inf-125-lancer-125-marksman.json#0	851	1	851		omit	True	1	-1217	0	-1217	-1217		[-2068]	1250	5000
hero:Gatot:KingsBestowal	testcases/gatot_verified/s15.2-secondary-heroes-1000-inf-125-lancer-125-marksman.json#0	851	1	851		normal_only	True	1	834	0	834	834		[-17]	1250	5000
hero:Gatot:KingsBestowal	testcases/gatot_verified/s15.3-1000-inf-0-lancer-1000-marksman.json#0	-4491	1	-4491		current	True	1	-4488	0	-4488	-4488		[3]	2000	5000
hero:Gatot:KingsBestowal	testcases/gatot_verified/s15.3-1000-inf-0-lancer-1000-marksman.json#0	-4491	1	-4491		omit	True	1	-3202	0	-3202	-3202		[1289]	2000	5000
hero:Gatot:KingsBestowal	testcases/gatot_verified/s15.3-1000-inf-0-lancer-1000-marksman.json#0	-4491	1	-4491		normal_only	True	1	-4488	0	-4488	-4488		[3]	2000	5000
hero:Gatot:KingsBestowal	testcases/gatot_verified/s15.3-1000-inf-1000-lancer-0-marksman.json#0	-4973	1	-4973		current	True	1	-4972	0	-4972	-4972		[1]	2000	5000
hero:Gatot:KingsBestowal	testcases/gatot_verified/s15.3-1000-inf-1000-lancer-0-marksman.json#0	-4973	1	-4973		omit	True	1	-3656	0	-3656	-3656		[1317]	2000	5000
hero:Gatot:KingsBestowal	testcases/gatot_verified/s15.3-1000-inf-1000-lancer-0-marksman.json#0	-4973	1	-4973		normal_only	True	1	-4972	0	-4972	-4972		[1]	2000	5000
hero:Gatot:KingsBestowal	testcases/gatot_verified/s15.3-1000-inf-1000-lancer-1000-marksman.json#0	-3064	1	-3064		current	True	1	-3054	0	-3054	-3054		[10]	3000	5000
hero:Gatot:KingsBestowal	testcases/gatot_verified/s15.3-1000-inf-1000-lancer-1000-marksman.json#0	-3064	1	-3064		omit	True	1	-1843	0	-1843	-1843		[1221]	3000	5000
hero:Gatot:KingsBestowal	testcases/gatot_verified/s15.3-1000-inf-1000-lancer-1000-marksman.json#0	-3064	1	-3064		normal_only	True	1	-3054	0	-3054	-3054		[10]	3000	5000
hero:Gatot:KingsBestowal	testcases/gatot_verified/s15.3-2000-inf-0-lancer-1000-marksman.json#0	1281	1	1281		current	True	1	1327	0	1327	1327		[46]	3000	5000
hero:Gatot:KingsBestowal	testcases/gatot_verified/s15.3-2000-inf-0-lancer-1000-marksman.json#0	1281	1	1281		omit	True	1	1072	0	1072	1072		[-209]	3000	5000
hero:Gatot:KingsBestowal	testcases/gatot_verified/s15.3-2000-inf-0-lancer-1000-marksman.json#0	1281	1	1281		normal_only	True	1	1327	0	1327	1327		[46]	3000	5000
hero:Gatot:KingsBestowal	testcases/gatot_verified/s15.3-2000-inf-1000-lancer-0-marksman.json#0	-4338	1	-4338		current	True	1	-4334	0	-4334	-4334		[4]	3000	5000
hero:Gatot:KingsBestowal	testcases/gatot_verified/s15.3-2000-inf-1000-lancer-0-marksman.json#0	-4338	1	-4338		omit	True	1	-1535	0	-1535	-1535		[2803]	3000	5000
hero:Gatot:KingsBestowal	testcases/gatot_verified/s15.3-2000-inf-1000-lancer-0-marksman.json#0	-4338	1	-4338		normal_only	True	1	-4334	0	-4334	-4334		[4]	3000	5000
hero:Gatot:KingsBestowal	testcases/gatot_verified/s16-1500-inf-1500-marksman-vs-1000-inf.json#0	2777	1	2777		current	True	1	2777	0	2777	2777		[0]	3000	1000
hero:Gatot:KingsBestowal	testcases/gatot_verified/s16-1500-inf-1500-marksman-vs-1000-inf.json#0	2777	1	2777		omit	True	1	2793	0	2793	2793		[16]	3000	1000
hero:Gatot:KingsBestowal	testcases/gatot_verified/s16-1500-inf-1500-marksman-vs-1000-inf.json#0	2777	1	2777		normal_only	True	1	2777	0	2777	2777		[0]	3000	1000
hero:Gatot:KingsBestowal	testcases/gatot_verified/s16-2000-inf-2000-marksman-vs-1000-inf.json#0	3809	1	3809		current	True	1	3809	0	3809	3809		[0]	4000	1000
hero:Gatot:KingsBestowal	testcases/gatot_verified/s16-2000-inf-2000-marksman-vs-1000-inf.json#0	3809	1	3809		omit	True	1	3821	0	3821	3821		[12]	4000	1000
hero:Gatot:KingsBestowal	testcases/gatot_verified/s16-2000-inf-2000-marksman-vs-1000-inf.json#0	3809	1	3809		normal_only	True	1	3809	0	3809	3809		[0]	4000	1000
hero:Gatot:KingsBestowal	testcases/gatot_verified/s16-2000-inf-2000-marksman-vs-5000-inf.json#0	396	1	396		current	True	1	394	0	394	394		[-2]	4000	5000
hero:Gatot:KingsBestowal	testcases/gatot_verified/s16-2000-inf-2000-marksman-vs-5000-inf.json#0	396	1	396		omit	True	1	1467	0	1467	1467		[1071]	4000	5000
hero:Gatot:KingsBestowal	testcases/gatot_verified/s16-2000-inf-2000-marksman-vs-5000-inf.json#0	396	1	396		normal_only	True	1	394	0	394	394		[-2]	4000	5000
hero:Gatot:KingsBestowal	testcases/gatot_verified/s16-7500-inf-vs-5000-inf.json#0	-2513	1	-2513		current	True	1	-2514	0	-2514	-2514		[-1]	7500	5000
hero:Gatot:KingsBestowal	testcases/gatot_verified/s16-7500-inf-vs-5000-inf.json#0	-2513	1	-2513		omit	True	1	-1119	0	-1119	-1119		[1394]	7500	5000
hero:Gatot:KingsBestowal	testcases/gatot_verified/s16-7500-inf-vs-5000-inf.json#0	-2513	1	-2513		normal_only	True	1	-2514	0	-2514	-2514		[-1]	7500	5000
hero:Gatot:KingsBestowal	testcases/gatot_verified/s2-health-1.1-4950-vs-1000.json#0	4043	1	4043		current	True	1	4038	0	4038	4038		[-5]	4950	1000
hero:Gatot:KingsBestowal	testcases/gatot_verified/s2-health-1.1-4950-vs-1000.json#0	4043	1	4043		omit	True	1	4353	0	4353	4353		[310]	4950	1000
hero:Gatot:KingsBestowal	testcases/gatot_verified/s2-health-1.1-4950-vs-1000.json#0	4043	1	4043		normal_only	True	1	4038	0	4038	4038		[-5]	4950	1000
hero:Gatot:KingsBestowal	testcases/gatot_verified/s2-health-1.1-5000-vs-1000.json#0	4327	1	4327		current	True	1	4321	0	4321	4321		[-6]	5000	1000
hero:Gatot:KingsBestowal	testcases/gatot_verified/s2-health-1.1-5000-vs-1000.json#0	4327	1	4327		omit	True	1	4406	0	4406	4406		[79]	5000	1000
hero:Gatot:KingsBestowal	testcases/gatot_verified/s2-health-1.1-5000-vs-1000.json#0	4327	1	4327		normal_only	True	1	4321	0	4321	4321		[-6]	5000	1000
hero:Gatot:KingsBestowal	testcases/gatot_verified/s2-health-1.1-5050-vs-1000.json#0	4641	1	4641		current	True	1	4634	0	4634	4634		[-7]	5050	1000
hero:Gatot:KingsBestowal	testcases/gatot_verified/s2-health-1.1-5050-vs-1000.json#0	4641	1	4641		omit	True	1	4459	0	4459	4459		[-182]	5050	1000
hero:Gatot:KingsBestowal	testcases/gatot_verified/s2-health-1.1-5050-vs-1000.json#0	4641	1	4641		normal_only	True	1	4634	0	4634	4634		[-7]	5050	1000
hero:Gatot:KingsBestowal	testcases/gatot_verified/s2-health-1.1-5100-vs-1000.json#0	5017	1	5017		current	True	1	5007	0	5007	5007		[-10]	5100	1000
hero:Gatot:KingsBestowal	testcases/gatot_verified/s2-health-1.1-5100-vs-1000.json#0	5017	1	5017		omit	True	1	4512	0	4512	4512		[-505]	5100	1000
hero:Gatot:KingsBestowal	testcases/gatot_verified/s2-health-1.1-5100-vs-1000.json#0	5017	1	5017		normal_only	True	1	5007	0	5007	5007		[-10]	5100	1000
hero:Gatot:KingsBestowal	testcases/gatot_verified/s2-health-1.1-5150-vs-1000.json#0	5147	1	5147		current	True	1	5147	0	5147	5147		[0]	5150	1000
hero:Gatot:KingsBestowal	testcases/gatot_verified/s2-health-1.1-5150-vs-1000.json#0	5147	1	5147		omit	True	1	4565	0	4565	4565		[-582]	5150	1000
hero:Gatot:KingsBestowal	testcases/gatot_verified/s2-health-1.1-5150-vs-1000.json#0	5147	1	5147		normal_only	True	1	5147	0	5147	5147		[0]	5150	1000
hero:Gatot:KingsBestowal	testcases/gatot_verified/s25-1000-inf-3000-marksman-vs-5000-inf.json#0	-2110	1	-2110		current	True	1	-2111	0	-2111	-2111		[-1]	4000	5000
hero:Gatot:KingsBestowal	testcases/gatot_verified/s25-1000-inf-3000-marksman-vs-5000-inf.json#0	-2110	1	-2110		omit	True	1	-1752	0	-1752	-1752		[358]	4000	5000
hero:Gatot:KingsBestowal	testcases/gatot_verified/s25-1000-inf-3000-marksman-vs-5000-inf.json#0	-2110	1	-2110		normal_only	True	1	-2111	0	-2111	-2111		[-1]	4000	5000
hero:Gatot:KingsBestowal	testcases/gatot_verified/s25-2000-inf-2000-marksman-vs-2000-inf.json#0	3441	1	3441		current	True	1	3440	0	3440	3440		[-1]	4000	2000
hero:Gatot:KingsBestowal	testcases/gatot_verified/s25-2000-inf-2000-marksman-vs-2000-inf.json#0	3441	1	3441		omit	True	1	3475	0	3475	3475		[34]	4000	2000
hero:Gatot:KingsBestowal	testcases/gatot_verified/s25-2000-inf-2000-marksman-vs-2000-inf.json#0	3441	1	3441		normal_only	True	1	3440	0	3440	3440		[-1]	4000	2000
hero:Gatot:KingsBestowal	testcases/gatot_verified/s25-2000-inf-2000-marksman-vs-3000-inf.json#0	2959	1	2959		current	True	1	2959	0	2959	2959		[0]	4000	3000
hero:Gatot:KingsBestowal	testcases/gatot_verified/s25-2000-inf-2000-marksman-vs-3000-inf.json#0	2959	1	2959		omit	True	1	3026	0	3026	3026		[67]	4000	3000
hero:Gatot:KingsBestowal	testcases/gatot_verified/s25-2000-inf-2000-marksman-vs-3000-inf.json#0	2959	1	2959		normal_only	True	1	2959	0	2959	2959		[0]	4000	3000
hero:Gatot:KingsBestowal	testcases/gatot_verified/s25-2000-inf-2000-marksman-vs-4000-inf.json#0	2365	1	2365		current	True	1	2365	0	2365	2365		[0]	4000	4000
hero:Gatot:KingsBestowal	testcases/gatot_verified/s25-2000-inf-2000-marksman-vs-4000-inf.json#0	2365	1	2365		omit	True	1	2476	0	2476	2476		[111]	4000	4000
hero:Gatot:KingsBestowal	testcases/gatot_verified/s25-2000-inf-2000-marksman-vs-4000-inf.json#0	2365	1	2365		normal_only	True	1	2365	0	2365	2365		[0]	4000	4000
hero:Gatot:KingsBestowal	testcases/gatot_verified/s25-3000-inf-1000-marksman-vs-5000-inf.json#0	554	1	554		current	True	1	552	0	552	552		[-2]	4000	5000
hero:Gatot:KingsBestowal	testcases/gatot_verified/s25-3000-inf-1000-marksman-vs-5000-inf.json#0	554	1	554		omit	True	1	1232	0	1232	1232		[678]	4000	5000
hero:Gatot:KingsBestowal	testcases/gatot_verified/s25-3000-inf-1000-marksman-vs-5000-inf.json#0	554	1	554		normal_only	True	1	552	0	552	552		[-2]	4000	5000
hero:Gatot:KingsBestowal	testcases/gatot_verified/s3-5000-inf-vs-1000-inf-10-lancer.json#0	4573	1	4573		current	True	1	4996	0	4996	4996		[423]	5000	1010
hero:Gatot:KingsBestowal	testcases/gatot_verified/s3-5000-inf-vs-1000-inf-10-lancer.json#0	4573	1	4573		omit	True	1	4121	0	4121	4121		[-452]	5000	1010
hero:Gatot:KingsBestowal	testcases/gatot_verified/s3-5000-inf-vs-1000-inf-10-lancer.json#0	4573	1	4573		normal_only	True	1	4996	0	4996	4996		[423]	5000	1010
hero:Gatot:KingsBestowal	testcases/gatot_verified/s31-current-2000-inf-2000-marksman-vs-5000-inf.json#0	2291	1	2291		current	True	1	2290	0	2290	2290		[-1]	4000	5000
hero:Gatot:KingsBestowal	testcases/gatot_verified/s31-current-2000-inf-2000-marksman-vs-5000-inf.json#0	2291	1	2291		omit	True	1	2403	0	2403	2403		[112]	4000	5000
hero:Gatot:KingsBestowal	testcases/gatot_verified/s31-current-2000-inf-2000-marksman-vs-5000-inf.json#0	2291	1	2291		normal_only	True	1	2290	0	2290	2290		[-1]	4000	5000
hero:Gatot:KingsBestowal	testcases/gatot_verified/s32-current-750-marksman-wayne-vs-3000-inf.json#0	-2738	1	-2738		current	True	1	-2738	0	-2738	-2738		[0]	750	3000
hero:Gatot:KingsBestowal	testcases/gatot_verified/s32-current-750-marksman-wayne-vs-3000-inf.json#0	-2738	1	-2738		omit	True	1	-2686	0	-2686	-2686		[52]	750	3000
hero:Gatot:KingsBestowal	testcases/gatot_verified/s32-current-750-marksman-wayne-vs-3000-inf.json#0	-2738	1	-2738		normal_only	True	1	-2738	0	-2738	-2738		[0]	750	3000
hero:Gatot:KingsBestowal	testcases/gatot_verified/s33-current-500-marksman-wayne3-vs-5000-gatot3-inf.json#0	-4977	1	-4977		current	False	500	-4972.116	4.5426661368916985	-4979	-4962	0.360982		500	5000
hero:Gatot:KingsBestowal	testcases/gatot_verified/s33-current-500-marksman-wayne3-vs-5000-gatot3-inf.json#0	-4977	1	-4977		omit	False	500	-4935.118	4.694267599593499	-4943	-4925	5e-05		500	5000
hero:Gatot:KingsBestowal	testcases/gatot_verified/s33-current-500-marksman-wayne3-vs-5000-gatot3-inf.json#0	-4977	1	-4977		normal_only	False	500	-4970.998	4.747111346099285	-4979	-4961	0.255187		500	5000
hero:Gatot:KingsBestowal	testcases/gatot_verified/s34-current-2100-lancer-2100-marksman-vs-1100-gatot3-inf.json#0	-236	1	-236		current	True	1	-236	0	-236	-236		[0]	4200	1100
hero:Gatot:KingsBestowal	testcases/gatot_verified/s34-current-2100-lancer-2100-marksman-vs-1100-gatot3-inf.json#0	-236	1	-236		omit	True	1	2048	0	2048	2048		[2284]	4200	1100
hero:Gatot:KingsBestowal	testcases/gatot_verified/s34-current-2100-lancer-2100-marksman-vs-1100-gatot3-inf.json#0	-236	1	-236		normal_only	True	1	-236	0	-236	-236		[0]	4200	1100
hero:Gatot:KingsBestowal	testcases/gatot_verified/s35-current-3000-lancer-1000-marksman-vs-1100-gatot3-inf.json#0	-314	1	-314		current	True	1	-314	0	-314	-314		[0]	4000	1100
hero:Gatot:KingsBestowal	testcases/gatot_verified/s35-current-3000-lancer-1000-marksman-vs-1100-gatot3-inf.json#0	-314	1	-314		omit	True	1	1661	0	1661	1661		[1975]	4000	1100
hero:Gatot:KingsBestowal	testcases/gatot_verified/s35-current-3000-lancer-1000-marksman-vs-1100-gatot3-inf.json#0	-314	1	-314		normal_only	True	1	-314	0	-314	-314		[0]	4000	1100
hero:Gatot:KingsBestowal	testcases/gatot_verified/s36-current-600-lancer-600-marksman-vs-1100-gatot3-inf.json#0	-1058	1	-1058		current	True	1	-1058	0	-1058	-1058		[0]	1200	1100
hero:Gatot:KingsBestowal	testcases/gatot_verified/s36-current-600-lancer-600-marksman-vs-1100-gatot3-inf.json#0	-1058	1	-1058		omit	True	1	-938	0	-938	-938		[120]	1200	1100
hero:Gatot:KingsBestowal	testcases/gatot_verified/s36-current-600-lancer-600-marksman-vs-1100-gatot3-inf.json#0	-1058	1	-1058		normal_only	True	1	-1058	0	-1058	-1058		[0]	1200	1100
hero:Gatot:KingsBestowal	testcases/gatot_verified/s37-current-bilateral-gatot-2000-inf-2000-marksman-vs-5000-inf.json#0	3782	1	3782		current	True	1	3782	0	3782	3782		[0]	4000	5000
hero:Gatot:KingsBestowal	testcases/gatot_verified/s37-current-bilateral-gatot-2000-inf-2000-marksman-vs-5000-inf.json#0	3782	1	3782		omit	True	1	3236	0	3236	3236		[-546]	4000	5000
hero:Gatot:KingsBestowal	testcases/gatot_verified/s37-current-bilateral-gatot-2000-inf-2000-marksman-vs-5000-inf.json#0	3782	1	3782		normal_only	True	1	3782	0	3782	3782		[0]	4000	5000
hero:Gatot:KingsBestowal	testcases/gatot_verified/s38-current-bilateral-gatot-800-inf-800-marksman-vs-1100-inf.json#0	-224	1	-224		current	True	1	-224	0	-224	-224		[0]	1600	1100
hero:Gatot:KingsBestowal	testcases/gatot_verified/s38-current-bilateral-gatot-800-inf-800-marksman-vs-1100-inf.json#0	-224	1	-224		omit	True	1	1070	0	1070	1070		[1294]	1600	1100
hero:Gatot:KingsBestowal	testcases/gatot_verified/s38-current-bilateral-gatot-800-inf-800-marksman-vs-1100-inf.json#0	-224	1	-224		normal_only	True	1	-224	0	-224	-224		[0]	1600	1100
hero:Gatot:KingsBestowal	testcases/gatot_verified/s39-1000-lancer-400-marksman-vs-500-gatot3-inf.json#0	-397	1	-397		current	True	1	-397	0	-397	-397		[0]	1400	500
hero:Gatot:KingsBestowal	testcases/gatot_verified/s39-1000-lancer-400-marksman-vs-500-gatot3-inf.json#0	-397	1	-397		omit	True	1	-105	0	-105	-105		[292]	1400	500
hero:Gatot:KingsBestowal	testcases/gatot_verified/s39-1000-lancer-400-marksman-vs-500-gatot3-inf.json#0	-397	1	-397		normal_only	True	1	-397	0	-397	-397		[0]	1400	500
hero:Gatot:KingsBestowal	testcases/gatot_verified/s4-fc9-gatot-10000.json#0	9992	1	9992		current	False	500	9993.158	1.4619543841182225	9992	9995	1		10000	10000
hero:Gatot:KingsBestowal	testcases/gatot_verified/s4-fc9-gatot-10000.json#0	9992	1	9992		omit	False	500	7533.31	31.024360135926845	7476	7595	5e-05		10000	10000
hero:Gatot:KingsBestowal	testcases/gatot_verified/s4-fc9-gatot-10000.json#0	9992	1	9992		normal_only	False	500	9993.158	1.4619543841182225	9992	9995	1		10000	10000
hero:Gatot:KingsBestowal	testcases/gatot_verified/s4-fc9-gatot-20000.json#0	19983	1	19983		current	False	500	19985.184	2.8897829834405906	19983	19989	1		20000	20000
hero:Gatot:KingsBestowal	testcases/gatot_verified/s4-fc9-gatot-20000.json#0	19983	1	19983		omit	False	500	15070.282	63.73946905828177	14939	15190	5e-05		20000	20000
hero:Gatot:KingsBestowal	testcases/gatot_verified/s4-fc9-gatot-20000.json#0	19983	1	19983		normal_only	False	500	19985.184	2.8897829834405906	19983	19989	1		20000	20000
hero:Gatot:KingsBestowal	testcases/gatot_verified/s4-fc9-gatot-40000.json#0	39135	1	39135		current	False	500	39252.358	43.40846029116561	39170	39342	0.014899		40000	40000
hero:Gatot:KingsBestowal	testcases/gatot_verified/s4-fc9-gatot-40000.json#0	39135	1	39135		omit	False	500	30133.832	130.97327886080845	29875	30391	5e-05		40000	40000
hero:Gatot:KingsBestowal	testcases/gatot_verified/s4-fc9-gatot-40000.json#0	39135	1	39135		normal_only	False	500	39252.358	43.40846029116561	39170	39342	0.014899		40000	40000
hero:Gatot:KingsBestowal	testcases/gatot_verified/s4-fc9-gatot-90000.json#0	83565	1	83565		current	False	500	83398.882	208.80816501169457	83002	83782	0.420579		90000	90000
hero:Gatot:KingsBestowal	testcases/gatot_verified/s4-fc9-gatot-90000.json#0	83565	1	83565		omit	False	500	67813.55	262.7576653141877	67288	68310	5e-05		90000	90000
hero:Gatot:KingsBestowal	testcases/gatot_verified/s4-fc9-gatot-90000.json#0	83565	1	83565		normal_only	False	500	83398.882	208.80816501169457	83002	83782	0.420579		90000	90000
hero:Gatot:KingsBestowal	testcases/gatot_verified/s40-2000-inf-1000-marksman-vs-5000-inf.json#0	2802	1	2802		current	True	1	2802	0	2802	2802		[0]	3000	5000
hero:Gatot:KingsBestowal	testcases/gatot_verified/s40-2000-inf-1000-marksman-vs-5000-inf.json#0	2802	1	2802		omit	True	1	2003	0	2003	2003		[-799]	3000	5000
hero:Gatot:KingsBestowal	testcases/gatot_verified/s40-2000-inf-1000-marksman-vs-5000-inf.json#0	2802	1	2802		normal_only	True	1	2802	0	2802	2802		[0]	3000	5000
hero:Gatot:KingsBestowal	testcases/gatot_verified/s41-300-inf-200-lancer-600-marksman-vs-500-inf.json#0	939	1	939		current	True	1	939	0	939	939		[0]	1100	500
hero:Gatot:KingsBestowal	testcases/gatot_verified/s41-300-inf-200-lancer-600-marksman-vs-500-inf.json#0	939	1	939		omit	True	1	949	0	949	949		[10]	1100	500
hero:Gatot:KingsBestowal	testcases/gatot_verified/s41-300-inf-200-lancer-600-marksman-vs-500-inf.json#0	939	1	939		normal_only	True	1	939	0	939	939		[0]	1100	500
hero:Gatot:KingsBestowal	testcases/gatot_verified/s42-current-wayne-skill-shield-scope-200-inf-vs-450-inf.json#0	32	1	32		current	False	500	31.24	1.7969022553914464	27	32	1		200	450
hero:Gatot:KingsBestowal	testcases/gatot_verified/s42-current-wayne-skill-shield-scope-200-inf-vs-450-inf.json#0	32	1	32		omit	False	500	-307.348	2.84448205413791	-313	-302	5e-05		200	450
hero:Gatot:KingsBestowal	testcases/gatot_verified/s42-current-wayne-skill-shield-scope-200-inf-vs-450-inf.json#0	32	1	32		normal_only	False	500	-407.216	2.8687634282412464	-412	-402	5e-05		200	450
hero:Gatot:KingsBestowal	testcases/gatot_verified/s43-current-reciprocal-shield-cap-450-inf-vs-200-inf.json#0	-27	1	-27		current	True	1	-27	0	-27	-27		[0]	450	200
hero:Gatot:KingsBestowal	testcases/gatot_verified/s43-current-reciprocal-shield-cap-450-inf-vs-200-inf.json#0	-27	1	-27		omit	True	1	263	0	263	263		[290]	450	200
hero:Gatot:KingsBestowal	testcases/gatot_verified/s43-current-reciprocal-shield-cap-450-inf-vs-200-inf.json#0	-27	1	-27		normal_only	True	1	-27	0	-27	-27		[0]	450	200
hero:Gatot:KingsBestowal	testcases/gatot_verified/s44-current-reciprocal-shield-cap-2500-inf-vs-500-inf.json#0	477	1	477		current	True	1	477	0	477	477		[0]	2500	500
hero:Gatot:KingsBestowal	testcases/gatot_verified/s44-current-reciprocal-shield-cap-2500-inf-vs-500-inf.json#0	477	1	477		omit	True	1	2214	0	2214	2214		[1737]	2500	500
hero:Gatot:KingsBestowal	testcases/gatot_verified/s44-current-reciprocal-shield-cap-2500-inf-vs-500-inf.json#0	477	1	477		normal_only	True	1	477	0	477	477		[0]	2500	500
hero:Gatot:KingsBestowal	testcases/gatot_verified/s5-fc9-gatot-lumak-20000.json#0	19986	1	19986		current	False	500	19987.84	2.413721629394824	19986	19991	1		20000	20000
hero:Gatot:KingsBestowal	testcases/gatot_verified/s5-fc9-gatot-lumak-20000.json#0	19986	1	19986		omit	False	500	15941.71	51.55519154800127	15845	16044	5e-05		20000	20000
hero:Gatot:KingsBestowal	testcases/gatot_verified/s5-fc9-gatot-lumak-20000.json#0	19986	1	19986		normal_only	False	500	19987.84	2.413721629394824	19986	19991	1		20000	20000
hero:Gatot:KingsBestowal	testcases/gatot_verified/s5-fc9-gatot-lumak-40000.json#0	39914	1	39914		current	False	500	39914.57	7.6392287327493005	39900	39928	0.647268		40000	40000
hero:Gatot:KingsBestowal	testcases/gatot_verified/s5-fc9-gatot-lumak-40000.json#0	39914	1	39914		omit	False	500	31888.204	97.7592149734461	31696	32059	5e-05		40000	40000
hero:Gatot:KingsBestowal	testcases/gatot_verified/s5-fc9-gatot-lumak-40000.json#0	39914	1	39914		normal_only	False	500	39914.57	7.6392287327493005	39900	39928	0.647268		40000	40000
hero:Gatot:KingsBestowal	testcases/gatot_verified/s5-fc9-gatot-lumak-90000.json#0	86767	1	86767		current	False	500	86801.584	143.95736309330465	86537	87085	0.459227		90000	90000
hero:Gatot:KingsBestowal	testcases/gatot_verified/s5-fc9-gatot-lumak-90000.json#0	86767	1	86767		omit	False	500	71773.138	221.7360970827686	71367	72229	5e-05		90000	90000
hero:Gatot:KingsBestowal	testcases/gatot_verified/s5-fc9-gatot-lumak-90000.json#0	86767	1	86767		normal_only	False	500	86801.584	143.95736309330465	86537	87085	0.459227		90000	90000
hero:Gatot:KingsBestowal	testcases/gatot_verified/s7-10000-t6-marksmen-vs-one-t1-fc10-infantry.json#0	9539	1	9539		current	False	500	9539	0	9539	9539	1		10000	1
hero:Gatot:KingsBestowal	testcases/gatot_verified/s7-10000-t6-marksmen-vs-one-t1-fc10-infantry.json#0	9539	1	9539		omit	False	500	9989.568	0.49585051726396684	9989	9990	5e-05		10000	1
hero:Gatot:KingsBestowal	testcases/gatot_verified/s7-10000-t6-marksmen-vs-one-t1-fc10-infantry.json#0	9539	1	9539		normal_only	False	500	9539	0	9539	9539	1		10000	1
hero:Gatot:KingsBestowal	testcases/gatot_verified/s8-10000-t9-marksmen-vs-one-t1-fc10-infantry.json#0	9719	1	9719		current	False	500	9719	0	9719	9719	1		10000	1
hero:Gatot:KingsBestowal	testcases/gatot_verified/s8-10000-t9-marksmen-vs-one-t1-fc10-infantry.json#0	9719	1	9719		omit	False	500	9996.886	0.3482046711145201	9996	9997	5e-05		10000	1
hero:Gatot:KingsBestowal	testcases/gatot_verified/s8-10000-t9-marksmen-vs-one-t1-fc10-infantry.json#0	9719	1	9719		normal_only	False	500	9719	0	9719	9719	1		10000	1
hero:Gatot:KingsBestowal	testcases/gatot_verified/s8-11548-t9-marksmen-vs-one-t1-fc10-infantry.json#0	11267	1	11267		current	False	500	11344.842	25.174919844526954	11294	11390	0.00175		11548	1
hero:Gatot:KingsBestowal	testcases/gatot_verified/s8-11548-t9-marksmen-vs-one-t1-fc10-infantry.json#0	11267	1	11267		omit	False	500	11545.086	0.28769695701928605	11545	11546	5e-05		11548	1
hero:Gatot:KingsBestowal	testcases/gatot_verified/s8-11548-t9-marksmen-vs-one-t1-fc10-infantry.json#0	11267	1	11267		normal_only	False	500	11344.842	25.174919844526954	11294	11390	0.00175		11548	1
hero:Gatot:KingsBestowal	testcases/gatot_verified/s8-11791-t9-marksmen-vs-one-t1-fc10-infantry.json#0	11548	1	11548		current	False	500	11605.97	22.886692670694178	11556	11648	0.014999		11791	1
hero:Gatot:KingsBestowal	testcases/gatot_verified/s8-11791-t9-marksmen-vs-one-t1-fc10-infantry.json#0	11548	1	11548		omit	False	500	11788.078	0.29680327553572783	11788	11789	5e-05		11791	1
hero:Gatot:KingsBestowal	testcases/gatot_verified/s8-11791-t9-marksmen-vs-one-t1-fc10-infantry.json#0	11548	1	11548		normal_only	False	500	11605.97	22.886692670694178	11556	11648	0.014999		11791	1
hero:Gatot:KingsBestowal	testcases/gatot_verified/s8-12000-t9-marksmen-vs-one-t1-fc10-infantry.json#0	11791	1	11791		current	False	500	11826.482	22.44962465821175	11781	11869	0.131093		12000	1
hero:Gatot:KingsBestowal	testcases/gatot_verified/s8-12000-t9-marksmen-vs-one-t1-fc10-infantry.json#0	11791	1	11791		omit	False	500	11997.168	0.37955780621206126	11997	11998	5e-05		12000	1
hero:Gatot:KingsBestowal	testcases/gatot_verified/s8-12000-t9-marksmen-vs-one-t1-fc10-infantry.json#0	11791	1	11791		normal_only	False	500	11826.482	22.44962465821175	11781	11869	0.131093		12000	1
hero:Gatot:KingsBestowal	testcases/gatot_verified/s8-20000-t9-marksmen-vs-one-t1-fc10-infantry.json#0	19943	1	19943		current	False	500	19942.93	12.41472314235814	19918	19964	0.975351		20000	1
hero:Gatot:KingsBestowal	testcases/gatot_verified/s8-20000-t9-marksmen-vs-one-t1-fc10-infantry.json#0	19943	1	19943		omit	False	500	19997.98	0.14014021035061333	19998	19998	5e-05		20000	1
hero:Gatot:KingsBestowal	testcases/gatot_verified/s8-20000-t9-marksmen-vs-one-t1-fc10-infantry.json#0	19943	1	19943		normal_only	False	500	19942.93	12.41472314235814	19918	19964	0.975351		20000	1
hero:Gatot:KingsBestowal	testcases/gatot_verified/s8-25000-t9-marksmen-vs-one-t1-fc10-infantry.json#0	24929	1	24929		current	False	500	24963.074	9.46317215602189	24943	24980	0.00255		25000	1
hero:Gatot:KingsBestowal	testcases/gatot_verified/s8-25000-t9-marksmen-vs-one-t1-fc10-infantry.json#0	24929	1	24929		omit	False	500	24998.022	0.1468302361112079	24998	24998	5e-05		25000	1
hero:Gatot:KingsBestowal	testcases/gatot_verified/s8-25000-t9-marksmen-vs-one-t1-fc10-infantry.json#0	24929	1	24929		normal_only	False	500	24963.074	9.46317215602189	24943	24980	0.00255		25000	1
hero:Gatot:KingsBestowal	testcases/gatot_verified/s8-30116-t9-marksmen-vs-one-t1-fc10-infantry.json#0	30081	1	30081		current	False	500	30087.208	8.194818246439926	30067	30100	0.416379		30116	1
hero:Gatot:KingsBestowal	testcases/gatot_verified/s8-30116-t9-marksmen-vs-one-t1-fc10-infantry.json#0	30081	1	30081		omit	False	500	30114.102	0.3029514137914486	30114	30115	5e-05		30116	1
hero:Gatot:KingsBestowal	testcases/gatot_verified/s8-30116-t9-marksmen-vs-one-t1-fc10-infantry.json#0	30081	1	30081		normal_only	False	500	30087.208	8.194818246439926	30067	30100	0.416379		30116	1
hero:Gatot:KingsBestowal	testcases/gatot_verified/s8-30139-t9-marksmen-vs-one-t1-fc10-infantry.json#0	30116	1	30116		current	False	500	30110.914	8.358848287256992	30094	30125	0.681466		30139	1
hero:Gatot:KingsBestowal	testcases/gatot_verified/s8-30139-t9-marksmen-vs-one-t1-fc10-infantry.json#0	30116	1	30116		omit	False	500	30137.112	0.3156822938038209	30137	30138	5e-05		30139	1
hero:Gatot:KingsBestowal	testcases/gatot_verified/s8-30139-t9-marksmen-vs-one-t1-fc10-infantry.json#0	30116	1	30116		normal_only	False	500	30110.914	8.358848287256992	30094	30125	0.681466		30139	1
hero:Gatot:KingsBestowal	testcases/gatot_verified/s8-30179-t9-marksmen-vs-one-t1-fc10-infantry.json#0	30139	1	30139		current	False	500	30150.136	8.669938850958435	30132	30164	0.173191		30179	1
hero:Gatot:KingsBestowal	testcases/gatot_verified/s8-30179-t9-marksmen-vs-one-t1-fc10-infantry.json#0	30139	1	30139		omit	False	500	30177.118	0.32293121425200666	30177	30178	5e-05		30179	1
hero:Gatot:KingsBestowal	testcases/gatot_verified/s8-30179-t9-marksmen-vs-one-t1-fc10-infantry.json#0	30139	1	30139		normal_only	False	500	30150.136	8.669938850958435	30132	30164	0.173191		30179	1
hero:Gatot:KingsBestowal	testcases/gatot_verified/s8-30205-t9-marksmen-vs-one-t1-fc10-infantry.json#0	30179	1	30179		current	False	500	30176.21	7.874128764988224	30160	30190	0.863057		30205	1
hero:Gatot:KingsBestowal	testcases/gatot_verified/s8-30205-t9-marksmen-vs-one-t1-fc10-infantry.json#0	30179	1	30179		omit	False	500	30203.14	0.3473345398389407	30203	30204	5e-05		30205	1
hero:Gatot:KingsBestowal	testcases/gatot_verified/s8-30205-t9-marksmen-vs-one-t1-fc10-infantry.json#0	30179	1	30179		normal_only	False	500	30176.21	7.874128764988224	30160	30190	0.863057		30205	1
hero:Gatot:KingsBestowal	testcases/gatot_verified/s8-30228-t9-marksmen-vs-one-t1-fc10-infantry.json#0	30205	1	30205		current	False	500	30199.966	7.805042047466808	30182	30213	0.707215		30228	1
hero:Gatot:KingsBestowal	testcases/gatot_verified/s8-30228-t9-marksmen-vs-one-t1-fc10-infantry.json#0	30205	1	30205		omit	False	500	30226.11	0.313203116818413	30226	30227	5e-05		30228	1
hero:Gatot:KingsBestowal	testcases/gatot_verified/s8-30228-t9-marksmen-vs-one-t1-fc10-infantry.json#0	30205	1	30205		normal_only	False	500	30199.966	7.805042047466808	30182	30213	0.707215		30228	1
hero:Gatot:KingsBestowal	testcases/gatot_verified/s8-33427-t9-marksmen-vs-one-t1-fc10-infantry.json#0	33401	1	33401		current	False	500	33402.77	6.840664396004051	33388	33413	0.867557		33427	1
hero:Gatot:KingsBestowal	testcases/gatot_verified/s8-33427-t9-marksmen-vs-one-t1-fc10-infantry.json#0	33401	1	33401		omit	False	500	33425.272	0.4454355460123288	33425	33426	5e-05		33427	1
hero:Gatot:KingsBestowal	testcases/gatot_verified/s8-33427-t9-marksmen-vs-one-t1-fc10-infantry.json#0	33401	1	33401		normal_only	False	500	33402.77	6.840664396004051	33388	33413	0.867557		33427	1
hero:Gatot:KingsBestowal	testcases/gatot_verified/s8-33452-t9-marksmen-vs-one-t1-fc10-infantry.json#0	33427	1	33427		current	False	500	33426.856	7.472009492211779	33409	33439	0.876706		33452	1
hero:Gatot:KingsBestowal	testcases/gatot_verified/s8-33452-t9-marksmen-vs-one-t1-fc10-infantry.json#0	33427	1	33427		omit	False	500	33450.276	0.4474644666314822	33450	33451	5e-05		33452	1
hero:Gatot:KingsBestowal	testcases/gatot_verified/s8-33452-t9-marksmen-vs-one-t1-fc10-infantry.json#0	33427	1	33427		normal_only	False	500	33426.856	7.472009492211779	33409	33439	0.876706		33452	1
hero:Gatot:KingsBestowal	testcases/gatot_verified/s8-33481-t9-marksmen-vs-one-t1-fc10-infantry.json#0	33452	1	33452		current	False	500	33456.22	6.9466619483352146	33440	33467	0.427029		33481	1
hero:Gatot:KingsBestowal	testcases/gatot_verified/s8-33481-t9-marksmen-vs-one-t1-fc10-infantry.json#0	33452	1	33452		omit	False	500	33479.27	0.44440408411710086	33479	33480	5e-05		33481	1
hero:Gatot:KingsBestowal	testcases/gatot_verified/s8-33481-t9-marksmen-vs-one-t1-fc10-infantry.json#0	33452	1	33452		normal_only	False	500	33456.22	6.9466619483352146	33440	33467	0.427029		33481	1
hero:Gatot:KingsBestowal	testcases/gatot_verified/s8-33510-t9-marksmen-vs-one-t1-fc10-infantry.json#0	33481	1	33481		current	False	500	33485.798	7.2706892275552315	33470	33498	0.432728		33510	1
hero:Gatot:KingsBestowal	testcases/gatot_verified/s8-33510-t9-marksmen-vs-one-t1-fc10-infantry.json#0	33481	1	33481		omit	False	500	33508.276	0.44746446663148215	33508	33509	5e-05		33510	1
hero:Gatot:KingsBestowal	testcases/gatot_verified/s8-33510-t9-marksmen-vs-one-t1-fc10-infantry.json#0	33481	1	33481		normal_only	False	500	33485.798	7.2706892275552315	33470	33498	0.432728		33510	1
hero:Gatot:RoyalLegion	testcases/gatot_verified/s1-4900-vs-1000.json#0	3901	1	3901		current	True	1	3901	0	3901	3901		[0]	4900	1000
hero:Gatot:RoyalLegion	testcases/gatot_verified/s1-4900-vs-1000.json#0	3901	1	3901		omit	True	1	4896	0	4896	4896		[995]	4900	1000
hero:Gatot:RoyalLegion	testcases/gatot_verified/s1-4900-vs-1000.json#0	3901	1	3901		enemy_infantry_only	True	1	3901	0	3901	3901		[0]	4900	1000
hero:Gatot:RoyalLegion	testcases/gatot_verified/s1-4950-vs-1000.json#0	4092	1	4092		current	True	1	4085	0	4085	4085		[-7]	4950	1000
hero:Gatot:RoyalLegion	testcases/gatot_verified/s1-4950-vs-1000.json#0	4092	1	4092		omit	True	1	4946	0	4946	4946		[854]	4950	1000
hero:Gatot:RoyalLegion	testcases/gatot_verified/s1-4950-vs-1000.json#0	4092	1	4092		enemy_infantry_only	True	1	4085	0	4085	4085		[-7]	4950	1000
hero:Gatot:RoyalLegion	testcases/gatot_verified/s1-5000-vs-1000.json#0	4484	1	4484		current	True	1	4475	0	4475	4475		[-9]	5000	1000
hero:Gatot:RoyalLegion	testcases/gatot_verified/s1-5000-vs-1000.json#0	4484	1	4484		omit	True	1	4996	0	4996	4996		[512]	5000	1000
hero:Gatot:RoyalLegion	testcases/gatot_verified/s1-5000-vs-1000.json#0	4484	1	4484		enemy_infantry_only	True	1	4475	0	4475	4475		[-9]	5000	1000
hero:Gatot:RoyalLegion	testcases/gatot_verified/s1-5050-vs-1000.json#0	4973	1	4973		current	True	1	4959	0	4959	4959		[-14]	5050	1000
hero:Gatot:RoyalLegion	testcases/gatot_verified/s1-5050-vs-1000.json#0	4973	1	4973		omit	True	1	5046	0	5046	5046		[73]	5050	1000
hero:Gatot:RoyalLegion	testcases/gatot_verified/s1-5050-vs-1000.json#0	4973	1	4973		enemy_infantry_only	True	1	4959	0	4959	4959		[-14]	5050	1000
hero:Gatot:RoyalLegion	testcases/gatot_verified/s10-bradley-1000-inf-125-marksman-vs-5000-inf.json#0	-2296	1	-2296		current	True	1	-2274	0	-2274	-2274		[22]	1125	5000
hero:Gatot:RoyalLegion	testcases/gatot_verified/s10-bradley-1000-inf-125-marksman-vs-5000-inf.json#0	-2296	1	-2296		omit	True	1	-2403	0	-2403	-2403		[-107]	1125	5000
hero:Gatot:RoyalLegion	testcases/gatot_verified/s10-bradley-1000-inf-125-marksman-vs-5000-inf.json#0	-2296	1	-2296		enemy_infantry_only	True	1	806	0	806	806		[3102]	1125	5000
hero:Gatot:RoyalLegion	testcases/gatot_verified/s15.2-secondary-heroes-1000-inf-125-lancer-125-marksman.json#0	851	1	851		current	True	1	834	0	834	834		[-17]	1250	5000
hero:Gatot:RoyalLegion	testcases/gatot_verified/s15.2-secondary-heroes-1000-inf-125-lancer-125-marksman.json#0	851	1	851		omit	True	1	766	0	766	766		[-85]	1250	5000
hero:Gatot:RoyalLegion	testcases/gatot_verified/s15.2-secondary-heroes-1000-inf-125-lancer-125-marksman.json#0	851	1	851		enemy_infantry_only	True	1	929	0	929	929		[78]	1250	5000
hero:Gatot:RoyalLegion	testcases/gatot_verified/s15.3-1000-inf-0-lancer-1000-marksman.json#0	-4491	1	-4491		current	True	1	-4488	0	-4488	-4488		[3]	2000	5000
hero:Gatot:RoyalLegion	testcases/gatot_verified/s15.3-1000-inf-0-lancer-1000-marksman.json#0	-4491	1	-4491		omit	True	1	-4185	0	-4185	-4185		[306]	2000	5000
hero:Gatot:RoyalLegion	testcases/gatot_verified/s15.3-1000-inf-0-lancer-1000-marksman.json#0	-4491	1	-4491		enemy_infantry_only	True	1	-4142	0	-4142	-4142		[349]	2000	5000
hero:Gatot:RoyalLegion	testcases/gatot_verified/s15.3-1000-inf-1000-lancer-0-marksman.json#0	-4973	1	-4973		current	True	1	-4972	0	-4972	-4972		[1]	2000	5000
hero:Gatot:RoyalLegion	testcases/gatot_verified/s15.3-1000-inf-1000-lancer-0-marksman.json#0	-4973	1	-4973		omit	True	1	-4815	0	-4815	-4815		[158]	2000	5000
hero:Gatot:RoyalLegion	testcases/gatot_verified/s15.3-1000-inf-1000-lancer-0-marksman.json#0	-4973	1	-4973		enemy_infantry_only	True	1	-4873	0	-4873	-4873		[100]	2000	5000
hero:Gatot:RoyalLegion	testcases/gatot_verified/s15.3-1000-inf-1000-lancer-1000-marksman.json#0	-3064	1	-3064		current	True	1	-3054	0	-3054	-3054		[10]	3000	5000
hero:Gatot:RoyalLegion	testcases/gatot_verified/s15.3-1000-inf-1000-lancer-1000-marksman.json#0	-3064	1	-3064		omit	True	1	-2667	0	-2667	-2667		[397]	3000	5000
hero:Gatot:RoyalLegion	testcases/gatot_verified/s15.3-1000-inf-1000-lancer-1000-marksman.json#0	-3064	1	-3064		enemy_infantry_only	True	1	-2229	0	-2229	-2229		[835]	3000	5000
hero:Gatot:RoyalLegion	testcases/gatot_verified/s15.3-2000-inf-0-lancer-1000-marksman.json#0	1281	1	1281		current	True	1	1327	0	1327	1327		[46]	3000	5000
hero:Gatot:RoyalLegion	testcases/gatot_verified/s15.3-2000-inf-0-lancer-1000-marksman.json#0	1281	1	1281		omit	True	1	1809	0	1809	1809		[528]	3000	5000
hero:Gatot:RoyalLegion	testcases/gatot_verified/s15.3-2000-inf-0-lancer-1000-marksman.json#0	1281	1	1281		enemy_infantry_only	True	1	2243	0	2243	2243		[962]	3000	5000
hero:Gatot:RoyalLegion	testcases/gatot_verified/s15.3-2000-inf-1000-lancer-0-marksman.json#0	-4338	1	-4338		current	True	1	-4334	0	-4334	-4334		[4]	3000	5000
hero:Gatot:RoyalLegion	testcases/gatot_verified/s15.3-2000-inf-1000-lancer-0-marksman.json#0	-4338	1	-4338		omit	True	1	-3732	0	-3732	-3732		[606]	3000	5000
hero:Gatot:RoyalLegion	testcases/gatot_verified/s15.3-2000-inf-1000-lancer-0-marksman.json#0	-4338	1	-4338		enemy_infantry_only	True	1	-3828	0	-3828	-3828		[510]	3000	5000
hero:Gatot:RoyalLegion	testcases/gatot_verified/s16-1500-inf-1500-marksman-vs-1000-inf.json#0	2777	1	2777		current	True	1	2777	0	2777	2777		[0]	3000	1000
hero:Gatot:RoyalLegion	testcases/gatot_verified/s16-1500-inf-1500-marksman-vs-1000-inf.json#0	2777	1	2777		omit	True	1	2788	0	2788	2788		[11]	3000	1000
hero:Gatot:RoyalLegion	testcases/gatot_verified/s16-1500-inf-1500-marksman-vs-1000-inf.json#0	2777	1	2777		enemy_infantry_only	True	1	2786	0	2786	2786		[9]	3000	1000
hero:Gatot:RoyalLegion	testcases/gatot_verified/s16-2000-inf-2000-marksman-vs-1000-inf.json#0	3809	1	3809		current	True	1	3809	0	3809	3809		[0]	4000	1000
hero:Gatot:RoyalLegion	testcases/gatot_verified/s16-2000-inf-2000-marksman-vs-1000-inf.json#0	3809	1	3809		omit	True	1	3819	0	3819	3819		[10]	4000	1000
hero:Gatot:RoyalLegion	testcases/gatot_verified/s16-2000-inf-2000-marksman-vs-1000-inf.json#0	3809	1	3809		enemy_infantry_only	True	1	3817	0	3817	3817		[8]	4000	1000
hero:Gatot:RoyalLegion	testcases/gatot_verified/s16-2000-inf-2000-marksman-vs-5000-inf.json#0	396	1	396		current	True	1	394	0	394	394		[-2]	4000	5000
hero:Gatot:RoyalLegion	testcases/gatot_verified/s16-2000-inf-2000-marksman-vs-5000-inf.json#0	396	1	396		omit	True	1	1237	0	1237	1237		[841]	4000	5000
hero:Gatot:RoyalLegion	testcases/gatot_verified/s16-2000-inf-2000-marksman-vs-5000-inf.json#0	396	1	396		enemy_infantry_only	True	1	1150	0	1150	1150		[754]	4000	5000
hero:Gatot:RoyalLegion	testcases/gatot_verified/s16-7500-inf-vs-5000-inf.json#0	-2513	1	-2513		current	True	1	-2514	0	-2514	-2514		[-1]	7500	5000
hero:Gatot:RoyalLegion	testcases/gatot_verified/s16-7500-inf-vs-5000-inf.json#0	-2513	1	-2513		omit	True	1	-2277	0	-2277	-2277		[236]	7500	5000
hero:Gatot:RoyalLegion	testcases/gatot_verified/s16-7500-inf-vs-5000-inf.json#0	-2513	1	-2513		enemy_infantry_only	True	1	-2514	0	-2514	-2514		[-1]	7500	5000
hero:Gatot:RoyalLegion	testcases/gatot_verified/s2-health-1.1-4950-vs-1000.json#0	4043	1	4043		current	True	1	4038	0	4038	4038		[-5]	4950	1000
hero:Gatot:RoyalLegion	testcases/gatot_verified/s2-health-1.1-4950-vs-1000.json#0	4043	1	4043		omit	True	1	4946	0	4946	4946		[903]	4950	1000
hero:Gatot:RoyalLegion	testcases/gatot_verified/s2-health-1.1-4950-vs-1000.json#0	4043	1	4043		enemy_infantry_only	True	1	4038	0	4038	4038		[-5]	4950	1000
hero:Gatot:RoyalLegion	testcases/gatot_verified/s2-health-1.1-5000-vs-1000.json#0	4327	1	4327		current	True	1	4321	0	4321	4321		[-6]	5000	1000
hero:Gatot:RoyalLegion	testcases/gatot_verified/s2-health-1.1-5000-vs-1000.json#0	4327	1	4327		omit	True	1	4996	0	4996	4996		[669]	5000	1000
hero:Gatot:RoyalLegion	testcases/gatot_verified/s2-health-1.1-5000-vs-1000.json#0	4327	1	4327		enemy_infantry_only	True	1	4321	0	4321	4321		[-6]	5000	1000
hero:Gatot:RoyalLegion	testcases/gatot_verified/s2-health-1.1-5050-vs-1000.json#0	4641	1	4641		current	True	1	4634	0	4634	4634		[-7]	5050	1000
hero:Gatot:RoyalLegion	testcases/gatot_verified/s2-health-1.1-5050-vs-1000.json#0	4641	1	4641		omit	True	1	5046	0	5046	5046		[405]	5050	1000
hero:Gatot:RoyalLegion	testcases/gatot_verified/s2-health-1.1-5050-vs-1000.json#0	4641	1	4641		enemy_infantry_only	True	1	4634	0	4634	4634		[-7]	5050	1000
hero:Gatot:RoyalLegion	testcases/gatot_verified/s2-health-1.1-5100-vs-1000.json#0	5017	1	5017		current	True	1	5007	0	5007	5007		[-10]	5100	1000
hero:Gatot:RoyalLegion	testcases/gatot_verified/s2-health-1.1-5100-vs-1000.json#0	5017	1	5017		omit	True	1	5096	0	5096	5096		[79]	5100	1000
hero:Gatot:RoyalLegion	testcases/gatot_verified/s2-health-1.1-5100-vs-1000.json#0	5017	1	5017		enemy_infantry_only	True	1	5007	0	5007	5007		[-10]	5100	1000
hero:Gatot:RoyalLegion	testcases/gatot_verified/s2-health-1.1-5150-vs-1000.json#0	5147	1	5147		current	True	1	5147	0	5147	5147		[0]	5150	1000
hero:Gatot:RoyalLegion	testcases/gatot_verified/s2-health-1.1-5150-vs-1000.json#0	5147	1	5147		omit	True	1	5146	0	5146	5146		[-1]	5150	1000
hero:Gatot:RoyalLegion	testcases/gatot_verified/s2-health-1.1-5150-vs-1000.json#0	5147	1	5147		enemy_infantry_only	True	1	5147	0	5147	5147		[0]	5150	1000
hero:Gatot:RoyalLegion	testcases/gatot_verified/s25-1000-inf-3000-marksman-vs-5000-inf.json#0	-2110	1	-2110		current	True	1	-2111	0	-2111	-2111		[-1]	4000	5000
hero:Gatot:RoyalLegion	testcases/gatot_verified/s25-1000-inf-3000-marksman-vs-5000-inf.json#0	-2110	1	-2110		omit	True	1	-1873	0	-1873	-1873		[237]	4000	5000
hero:Gatot:RoyalLegion	testcases/gatot_verified/s25-1000-inf-3000-marksman-vs-5000-inf.json#0	-2110	1	-2110		enemy_infantry_only	True	1	-1884	0	-1884	-1884		[226]	4000	5000
hero:Gatot:RoyalLegion	testcases/gatot_verified/s25-2000-inf-2000-marksman-vs-2000-inf.json#0	3441	1	3441		current	True	1	3440	0	3440	3440		[-1]	4000	2000
hero:Gatot:RoyalLegion	testcases/gatot_verified/s25-2000-inf-2000-marksman-vs-2000-inf.json#0	3441	1	3441		omit	True	1	3469	0	3469	3469		[28]	4000	2000
hero:Gatot:RoyalLegion	testcases/gatot_verified/s25-2000-inf-2000-marksman-vs-2000-inf.json#0	3441	1	3441		enemy_infantry_only	True	1	3464	0	3464	3464		[23]	4000	2000
hero:Gatot:RoyalLegion	testcases/gatot_verified/s25-2000-inf-2000-marksman-vs-3000-inf.json#0	2959	1	2959		current	True	1	2959	0	2959	2959		[0]	4000	3000
hero:Gatot:RoyalLegion	testcases/gatot_verified/s25-2000-inf-2000-marksman-vs-3000-inf.json#0	2959	1	2959		omit	True	1	3013	0	3013	3013		[54]	4000	3000
hero:Gatot:RoyalLegion	testcases/gatot_verified/s25-2000-inf-2000-marksman-vs-3000-inf.json#0	2959	1	2959		enemy_infantry_only	True	1	3004	0	3004	3004		[45]	4000	3000
hero:Gatot:RoyalLegion	testcases/gatot_verified/s25-2000-inf-2000-marksman-vs-4000-inf.json#0	2365	1	2365		current	True	1	2365	0	2365	2365		[0]	4000	4000
hero:Gatot:RoyalLegion	testcases/gatot_verified/s25-2000-inf-2000-marksman-vs-4000-inf.json#0	2365	1	2365		omit	True	1	2453	0	2453	2453		[88]	4000	4000
hero:Gatot:RoyalLegion	testcases/gatot_verified/s25-2000-inf-2000-marksman-vs-4000-inf.json#0	2365	1	2365		enemy_infantry_only	True	1	2440	0	2440	2440		[75]	4000	4000
hero:Gatot:RoyalLegion	testcases/gatot_verified/s25-3000-inf-1000-marksman-vs-5000-inf.json#0	554	1	554		current	True	1	552	0	552	552		[-2]	4000	5000
hero:Gatot:RoyalLegion	testcases/gatot_verified/s25-3000-inf-1000-marksman-vs-5000-inf.json#0	554	1	554		omit	True	1	1094	0	1094	1094		[540]	4000	5000
hero:Gatot:RoyalLegion	testcases/gatot_verified/s25-3000-inf-1000-marksman-vs-5000-inf.json#0	554	1	554		enemy_infantry_only	True	1	1055	0	1055	1055		[501]	4000	5000
hero:Gatot:RoyalLegion	testcases/gatot_verified/s3-5000-inf-vs-1000-inf-10-lancer.json#0	4573	1	4573		current	True	1	4996	0	4996	4996		[423]	5000	1010
hero:Gatot:RoyalLegion	testcases/gatot_verified/s3-5000-inf-vs-1000-inf-10-lancer.json#0	4573	1	4573		omit	True	1	4974	0	4974	4974		[401]	5000	1010
hero:Gatot:RoyalLegion	testcases/gatot_verified/s3-5000-inf-vs-1000-inf-10-lancer.json#0	4573	1	4573		enemy_infantry_only	True	1	4982	0	4982	4982		[409]	5000	1010
hero:Gatot:RoyalLegion	testcases/gatot_verified/s31-current-2000-inf-2000-marksman-vs-5000-inf.json#0	2291	1	2291		current	True	1	2290	0	2290	2290		[-1]	4000	5000
hero:Gatot:RoyalLegion	testcases/gatot_verified/s31-current-2000-inf-2000-marksman-vs-5000-inf.json#0	2291	1	2291		omit	True	1	2382	0	2382	2382		[91]	4000	5000
hero:Gatot:RoyalLegion	testcases/gatot_verified/s31-current-2000-inf-2000-marksman-vs-5000-inf.json#0	2291	1	2291		enemy_infantry_only	True	1	2370	0	2370	2370		[79]	4000	5000
hero:Gatot:RoyalLegion	testcases/gatot_verified/s32-current-750-marksman-wayne-vs-3000-inf.json#0	-2738	1	-2738		current	True	1	-2738	0	-2738	-2738		[0]	750	3000
hero:Gatot:RoyalLegion	testcases/gatot_verified/s32-current-750-marksman-wayne-vs-3000-inf.json#0	-2738	1	-2738		omit	True	1	-2722	0	-2722	-2722		[16]	750	3000
hero:Gatot:RoyalLegion	testcases/gatot_verified/s32-current-750-marksman-wayne-vs-3000-inf.json#0	-2738	1	-2738		enemy_infantry_only	True	1	-2722	0	-2722	-2722		[16]	750	3000
hero:Gatot:RoyalLegion	testcases/gatot_verified/s33-current-500-marksman-wayne3-vs-5000-gatot3-inf.json#0	-4977	1	-4977		current	False	500	-4972.116	4.5426661368916985	-4979	-4962	0.360982		500	5000
hero:Gatot:RoyalLegion	testcases/gatot_verified/s33-current-500-marksman-wayne3-vs-5000-gatot3-inf.json#0	-4977	1	-4977		omit	False	500	-4969.196	4.857238880174424	-4977	-4959	0.179991		500	5000
hero:Gatot:RoyalLegion	testcases/gatot_verified/s33-current-500-marksman-wayne3-vs-5000-gatot3-inf.json#0	-4977	1	-4977		enemy_infantry_only	False	500	-4969.196	4.857238880174424	-4977	-4959	0.179991		500	5000
hero:Gatot:RoyalLegion	testcases/gatot_verified/s34-current-2100-lancer-2100-marksman-vs-1100-gatot3-inf.json#0	-236	1	-236		current	True	1	-236	0	-236	-236		[0]	4200	1100
hero:Gatot:RoyalLegion	testcases/gatot_verified/s34-current-2100-lancer-2100-marksman-vs-1100-gatot3-inf.json#0	-236	1	-236		omit	True	1	112	0	112	112		[348]	4200	1100
hero:Gatot:RoyalLegion	testcases/gatot_verified/s34-current-2100-lancer-2100-marksman-vs-1100-gatot3-inf.json#0	-236	1	-236		enemy_infantry_only	True	1	112	0	112	112		[348]	4200	1100
hero:Gatot:RoyalLegion	testcases/gatot_verified/s35-current-3000-lancer-1000-marksman-vs-1100-gatot3-inf.json#0	-314	1	-314		current	True	1	-314	0	-314	-314		[0]	4000	1100
hero:Gatot:RoyalLegion	testcases/gatot_verified/s35-current-3000-lancer-1000-marksman-vs-1100-gatot3-inf.json#0	-314	1	-314		omit	True	1	-168	0	-168	-168		[146]	4000	1100
hero:Gatot:RoyalLegion	testcases/gatot_verified/s35-current-3000-lancer-1000-marksman-vs-1100-gatot3-inf.json#0	-314	1	-314		enemy_infantry_only	True	1	-168	0	-168	-168		[146]	4000	1100
hero:Gatot:RoyalLegion	testcases/gatot_verified/s36-current-600-lancer-600-marksman-vs-1100-gatot3-inf.json#0	-1058	1	-1058		current	True	1	-1058	0	-1058	-1058		[0]	1200	1100
hero:Gatot:RoyalLegion	testcases/gatot_verified/s36-current-600-lancer-600-marksman-vs-1100-gatot3-inf.json#0	-1058	1	-1058		omit	True	1	-1051	0	-1051	-1051		[7]	1200	1100
hero:Gatot:RoyalLegion	testcases/gatot_verified/s36-current-600-lancer-600-marksman-vs-1100-gatot3-inf.json#0	-1058	1	-1058		enemy_infantry_only	True	1	-1051	0	-1051	-1051		[7]	1200	1100
hero:Gatot:RoyalLegion	testcases/gatot_verified/s37-current-bilateral-gatot-2000-inf-2000-marksman-vs-5000-inf.json#0	3782	1	3782		current	True	1	3782	0	3782	3782		[0]	4000	5000
hero:Gatot:RoyalLegion	testcases/gatot_verified/s37-current-bilateral-gatot-2000-inf-2000-marksman-vs-5000-inf.json#0	3782	1	3782		omit	True	1	3759	0	3759	3759		[-23]	4000	5000
hero:Gatot:RoyalLegion	testcases/gatot_verified/s37-current-bilateral-gatot-2000-inf-2000-marksman-vs-5000-inf.json#0	3782	1	3782		enemy_infantry_only	True	1	3791	0	3791	3791		[9]	4000	5000
hero:Gatot:RoyalLegion	testcases/gatot_verified/s38-current-bilateral-gatot-800-inf-800-marksman-vs-1100-inf.json#0	-224	1	-224		current	True	1	-224	0	-224	-224		[0]	1600	1100
hero:Gatot:RoyalLegion	testcases/gatot_verified/s38-current-bilateral-gatot-800-inf-800-marksman-vs-1100-inf.json#0	-224	1	-224		omit	True	1	-50	0	-50	-50		[174]	1600	1100
hero:Gatot:RoyalLegion	testcases/gatot_verified/s38-current-bilateral-gatot-800-inf-800-marksman-vs-1100-inf.json#0	-224	1	-224		enemy_infantry_only	True	1	812	0	812	812		[1036]	1600	1100
hero:Gatot:RoyalLegion	testcases/gatot_verified/s39-1000-lancer-400-marksman-vs-500-gatot3-inf.json#0	-397	1	-397		current	True	1	-397	0	-397	-397		[0]	1400	500
hero:Gatot:RoyalLegion	testcases/gatot_verified/s39-1000-lancer-400-marksman-vs-500-gatot3-inf.json#0	-397	1	-397		omit	True	1	-380	0	-380	-380		[17]	1400	500
hero:Gatot:RoyalLegion	testcases/gatot_verified/s39-1000-lancer-400-marksman-vs-500-gatot3-inf.json#0	-397	1	-397		enemy_infantry_only	True	1	-380	0	-380	-380		[17]	1400	500
hero:Gatot:RoyalLegion	testcases/gatot_verified/s4-fc9-gatot-10000.json#0	9992	1	9992		current	False	500	9993.158	1.4619543841182225	9992	9995	1		10000	10000
hero:Gatot:RoyalLegion	testcases/gatot_verified/s4-fc9-gatot-10000.json#0	9992	1	9992		omit	False	500	9991.158	1.4619543841182225	9990	9993	0.455177		10000	10000
hero:Gatot:RoyalLegion	testcases/gatot_verified/s4-fc9-gatot-10000.json#0	9992	1	9992		enemy_infantry_only	False	500	9993.158	1.4619543841182225	9992	9995	1		10000	10000
hero:Gatot:RoyalLegion	testcases/gatot_verified/s4-fc9-gatot-20000.json#0	19983	1	19983		current	False	500	19985.184	2.8897829834405906	19983	19989	1		20000	20000
hero:Gatot:RoyalLegion	testcases/gatot_verified/s4-fc9-gatot-20000.json#0	19983	1	19983		omit	False	500	19862.582	10.269088779864461	19843	19883	5e-05		20000	20000
hero:Gatot:RoyalLegion	testcases/gatot_verified/s4-fc9-gatot-20000.json#0	19983	1	19983		enemy_infantry_only	False	500	19985.184	2.8897829834405906	19983	19989	1		20000	20000
hero:Gatot:RoyalLegion	testcases/gatot_verified/s4-fc9-gatot-40000.json#0	39135	1	39135		current	False	500	39252.358	43.40846029116561	39170	39342	0.014899		40000	40000
hero:Gatot:RoyalLegion	testcases/gatot_verified/s4-fc9-gatot-40000.json#0	39135	1	39135		omit	False	500	38154.504	94.04479161367378	37981	38340	5e-05		40000	40000
hero:Gatot:RoyalLegion	testcases/gatot_verified/s4-fc9-gatot-40000.json#0	39135	1	39135		enemy_infantry_only	False	500	39252.358	43.40846029116561	39170	39342	0.014899		40000	40000
hero:Gatot:RoyalLegion	testcases/gatot_verified/s4-fc9-gatot-90000.json#0	83565	1	83565		current	False	500	83398.882	208.80816501169457	83002	83782	0.420579		90000	90000
hero:Gatot:RoyalLegion	testcases/gatot_verified/s4-fc9-gatot-90000.json#0	83565	1	83565		omit	False	500	80460.924	251.321601376876	79972	80949	5e-05		90000	90000
hero:Gatot:RoyalLegion	testcases/gatot_verified/s4-fc9-gatot-90000.json#0	83565	1	83565		enemy_infantry_only	False	500	83398.882	208.80816501169457	83002	83782	0.420579		90000	90000
hero:Gatot:RoyalLegion	testcases/gatot_verified/s40-2000-inf-1000-marksman-vs-5000-inf.json#0	2802	1	2802		current	True	1	2802	0	2802	2802		[0]	3000	5000
hero:Gatot:RoyalLegion	testcases/gatot_verified/s40-2000-inf-1000-marksman-vs-5000-inf.json#0	2802	1	2802		omit	True	1	2770	0	2770	2770		[-32]	3000	5000
hero:Gatot:RoyalLegion	testcases/gatot_verified/s40-2000-inf-1000-marksman-vs-5000-inf.json#0	2802	1	2802		enemy_infantry_only	True	1	2809	0	2809	2809		[7]	3000	5000
hero:Gatot:RoyalLegion	testcases/gatot_verified/s41-300-inf-200-lancer-600-marksman-vs-500-inf.json#0	939	1	939		current	True	1	939	0	939	939		[0]	1100	500
hero:Gatot:RoyalLegion	testcases/gatot_verified/s41-300-inf-200-lancer-600-marksman-vs-500-inf.json#0	939	1	939		omit	True	1	942	0	942	942		[3]	1100	500
hero:Gatot:RoyalLegion	testcases/gatot_verified/s41-300-inf-200-lancer-600-marksman-vs-500-inf.json#0	939	1	939		enemy_infantry_only	True	1	954	0	954	954		[15]	1100	500
hero:Gatot:RoyalLegion	testcases/gatot_verified/s42-current-wayne-skill-shield-scope-200-inf-vs-450-inf.json#0	32	1	32		current	False	500	31.24	1.7969022553914464	27	32	1		200	450
hero:Gatot:RoyalLegion	testcases/gatot_verified/s42-current-wayne-skill-shield-scope-200-inf-vs-450-inf.json#0	32	1	32		omit	False	500	124.924	2.5248710754998602	119	126	5e-05		200	450
hero:Gatot:RoyalLegion	testcases/gatot_verified/s42-current-wayne-skill-shield-scope-200-inf-vs-450-inf.json#0	32	1	32		enemy_infantry_only	False	500	31.24	1.7969022553914464	27	32	1		200	450
hero:Gatot:RoyalLegion	testcases/gatot_verified/s43-current-reciprocal-shield-cap-450-inf-vs-200-inf.json#0	-27	1	-27		current	True	1	-27	0	-27	-27		[0]	450	200
hero:Gatot:RoyalLegion	testcases/gatot_verified/s43-current-reciprocal-shield-cap-450-inf-vs-200-inf.json#0	-27	1	-27		omit	True	1	-118	0	-118	-118		[-91]	450	200
hero:Gatot:RoyalLegion	testcases/gatot_verified/s43-current-reciprocal-shield-cap-450-inf-vs-200-inf.json#0	-27	1	-27		enemy_infantry_only	True	1	-27	0	-27	-27		[0]	450	200
hero:Gatot:RoyalLegion	testcases/gatot_verified/s44-current-reciprocal-shield-cap-2500-inf-vs-500-inf.json#0	477	1	477		current	True	1	477	0	477	477		[0]	2500	500
hero:Gatot:RoyalLegion	testcases/gatot_verified/s44-current-reciprocal-shield-cap-2500-inf-vs-500-inf.json#0	477	1	477		omit	True	1	328	0	328	328		[-149]	2500	500
hero:Gatot:RoyalLegion	testcases/gatot_verified/s44-current-reciprocal-shield-cap-2500-inf-vs-500-inf.json#0	477	1	477		enemy_infantry_only	True	1	477	0	477	477		[0]	2500	500
hero:Gatot:RoyalLegion	testcases/gatot_verified/s5-fc9-gatot-lumak-20000.json#0	19986	1	19986		current	False	500	19987.84	2.413721629394824	19986	19991	1		20000	20000
hero:Gatot:RoyalLegion	testcases/gatot_verified/s5-fc9-gatot-lumak-20000.json#0	19986	1	19986		omit	False	500	19984.208	2.8964659552737912	19982	19988	0.081946		20000	20000
hero:Gatot:RoyalLegion	testcases/gatot_verified/s5-fc9-gatot-lumak-20000.json#0	19986	1	19986		enemy_infantry_only	False	500	19987.84	2.413721629394824	19986	19991	1		20000	20000
hero:Gatot:RoyalLegion	testcases/gatot_verified/s5-fc9-gatot-lumak-40000.json#0	39914	1	39914		current	False	500	39914.57	7.6392287327493005	39900	39928	0.647268		40000	40000
hero:Gatot:RoyalLegion	testcases/gatot_verified/s5-fc9-gatot-lumak-40000.json#0	39914	1	39914		omit	False	500	39279.762	45.960135161334165	39195	39376	5e-05		40000	40000
hero:Gatot:RoyalLegion	testcases/gatot_verified/s5-fc9-gatot-lumak-40000.json#0	39914	1	39914		enemy_infantry_only	False	500	39914.57	7.6392287327493005	39900	39928	0.647268		40000	40000
hero:Gatot:RoyalLegion	testcases/gatot_verified/s5-fc9-gatot-lumak-90000.json#0	86767	1	86767		current	False	500	86801.584	143.95736309330465	86537	87085	0.459227		90000	90000
hero:Gatot:RoyalLegion	testcases/gatot_verified/s5-fc9-gatot-lumak-90000.json#0	86767	1	86767		omit	False	500	84380.45	194.65614176556076	84036	84762	5e-05		90000	90000
hero:Gatot:RoyalLegion	testcases/gatot_verified/s5-fc9-gatot-lumak-90000.json#0	86767	1	86767		enemy_infantry_only	False	500	86801.584	143.95736309330465	86537	87085	0.459227		90000	90000
hero:Gatot:RoyalLegion	testcases/gatot_verified/s7-10000-t6-marksmen-vs-one-t1-fc10-infantry.json#0	9539	1	9539		current	False	500	9539	0	9539	9539	1		10000	1
hero:Gatot:RoyalLegion	testcases/gatot_verified/s7-10000-t6-marksmen-vs-one-t1-fc10-infantry.json#0	9539	1	9539		omit	False	500	9539	0	9539	9539	1		10000	1
hero:Gatot:RoyalLegion	testcases/gatot_verified/s7-10000-t6-marksmen-vs-one-t1-fc10-infantry.json#0	9539	1	9539		enemy_infantry_only	False	500	9539	0	9539	9539	1		10000	1
hero:Gatot:RoyalLegion	testcases/gatot_verified/s8-10000-t9-marksmen-vs-one-t1-fc10-infantry.json#0	9719	1	9719		current	False	500	9719	0	9719	9719	1		10000	1
hero:Gatot:RoyalLegion	testcases/gatot_verified/s8-10000-t9-marksmen-vs-one-t1-fc10-infantry.json#0	9719	1	9719		omit	False	500	9912.658	16.455838637106876	9879	9943	5e-05		10000	1
hero:Gatot:RoyalLegion	testcases/gatot_verified/s8-10000-t9-marksmen-vs-one-t1-fc10-infantry.json#0	9719	1	9719		enemy_infantry_only	False	500	9912.658	16.455838637106876	9879	9943	5e-05		10000	1
hero:Gatot:RoyalLegion	testcases/gatot_verified/s8-11548-t9-marksmen-vs-one-t1-fc10-infantry.json#0	11267	1	11267		current	False	500	11344.842	25.174919844526954	11294	11390	0.00175		11548	1
hero:Gatot:RoyalLegion	testcases/gatot_verified/s8-11548-t9-marksmen-vs-one-t1-fc10-infantry.json#0	11267	1	11267		omit	False	500	11481.896	13.860353632054625	11449	11505	5e-05		11548	1
hero:Gatot:RoyalLegion	testcases/gatot_verified/s8-11548-t9-marksmen-vs-one-t1-fc10-infantry.json#0	11267	1	11267		enemy_infantry_only	False	500	11481.896	13.860353632054625	11449	11505	5e-05		11548	1
hero:Gatot:RoyalLegion	testcases/gatot_verified/s8-11791-t9-marksmen-vs-one-t1-fc10-infantry.json#0	11548	1	11548		current	False	500	11605.97	22.886692670694178	11556	11648	0.014999		11791	1
hero:Gatot:RoyalLegion	testcases/gatot_verified/s8-11791-t9-marksmen-vs-one-t1-fc10-infantry.json#0	11548	1	11548		omit	False	500	11727.544	12.78589152324109	11699	11749	5e-05		11791	1
hero:Gatot:RoyalLegion	testcases/gatot_verified/s8-11791-t9-marksmen-vs-one-t1-fc10-infantry.json#0	11548	1	11548		enemy_infantry_only	False	500	11727.544	12.78589152324109	11699	11749	5e-05		11791	1
hero:Gatot:RoyalLegion	testcases/gatot_verified/s8-12000-t9-marksmen-vs-one-t1-fc10-infantry.json#0	11791	1	11791		current	False	500	11826.482	22.44962465821175	11781	11869	0.131093		12000	1
hero:Gatot:RoyalLegion	testcases/gatot_verified/s8-12000-t9-marksmen-vs-one-t1-fc10-infantry.json#0	11791	1	11791		omit	False	500	11937.826	13.842794874586545	11906	11961	5e-05		12000	1
hero:Gatot:RoyalLegion	testcases/gatot_verified/s8-12000-t9-marksmen-vs-one-t1-fc10-infantry.json#0	11791	1	11791		enemy_infantry_only	False	500	11937.826	13.842794874586545	11906	11961	5e-05		12000	1
hero:Gatot:RoyalLegion	testcases/gatot_verified/s8-20000-t9-marksmen-vs-one-t1-fc10-infantry.json#0	19943	1	19943		current	False	500	19942.93	12.41472314235814	19918	19964	0.975351		20000	1
hero:Gatot:RoyalLegion	testcases/gatot_verified/s8-20000-t9-marksmen-vs-one-t1-fc10-infantry.json#0	19943	1	19943		omit	False	500	19973.004	7.667435237825827	19956	19986	5e-05		20000	1
hero:Gatot:RoyalLegion	testcases/gatot_verified/s8-20000-t9-marksmen-vs-one-t1-fc10-infantry.json#0	19943	1	19943		enemy_infantry_only	False	500	19973.004	7.667435237825827	19956	19986	5e-05		20000	1
hero:Gatot:RoyalLegion	testcases/gatot_verified/s8-25000-t9-marksmen-vs-one-t1-fc10-infantry.json#0	24929	1	24929		current	False	500	24963.074	9.46317215602189	24943	24980	0.00255		25000	1
hero:Gatot:RoyalLegion	testcases/gatot_verified/s8-25000-t9-marksmen-vs-one-t1-fc10-infantry.json#0	24929	1	24929		omit	False	500	24985.042	4.130661051386705	24977	24992	5e-05		25000	1
hero:Gatot:RoyalLegion	testcases/gatot_verified/s8-25000-t9-marksmen-vs-one-t1-fc10-infantry.json#0	24929	1	24929		enemy_infantry_only	False	500	24985.042	4.130661051386705	24977	24992	5e-05		25000	1
hero:Gatot:RoyalLegion	testcases/gatot_verified/s8-30116-t9-marksmen-vs-one-t1-fc10-infantry.json#0	30081	1	30081		current	False	500	30087.208	8.194818246439926	30067	30100	0.416379		30116	1
hero:Gatot:RoyalLegion	testcases/gatot_verified/s8-30116-t9-marksmen-vs-one-t1-fc10-infantry.json#0	30081	1	30081		omit	False	500	30107.056	2.082675941704881	30103	30111	5e-05		30116	1
hero:Gatot:RoyalLegion	testcases/gatot_verified/s8-30116-t9-marksmen-vs-one-t1-fc10-infantry.json#0	30081	1	30081		enemy_infantry_only	False	500	30107.056	2.082675941704881	30103	30111	5e-05		30116	1
hero:Gatot:RoyalLegion	testcases/gatot_verified/s8-30139-t9-marksmen-vs-one-t1-fc10-infantry.json#0	30116	1	30116		current	False	500	30110.914	8.358848287256992	30094	30125	0.681466		30139	1
hero:Gatot:RoyalLegion	testcases/gatot_verified/s8-30139-t9-marksmen-vs-one-t1-fc10-infantry.json#0	30116	1	30116		omit	False	500	30130.156	2.1764967899248306	30126	30134	5e-05		30139	1
hero:Gatot:RoyalLegion	testcases/gatot_verified/s8-30139-t9-marksmen-vs-one-t1-fc10-infantry.json#0	30116	1	30116		enemy_infantry_only	False	500	30130.156	2.1764967899248306	30126	30134	5e-05		30139	1
hero:Gatot:RoyalLegion	testcases/gatot_verified/s8-30179-t9-marksmen-vs-one-t1-fc10-infantry.json#0	30139	1	30139		current	False	500	30150.136	8.669938850958435	30132	30164	0.173191		30179	1
hero:Gatot:RoyalLegion	testcases/gatot_verified/s8-30179-t9-marksmen-vs-one-t1-fc10-infantry.json#0	30139	1	30139		omit	False	500	30170.444	2.226382167353632	30166	30174	5e-05		30179	1
hero:Gatot:RoyalLegion	testcases/gatot_verified/s8-30179-t9-marksmen-vs-one-t1-fc10-infantry.json#0	30139	1	30139		enemy_infantry_only	False	500	30170.444	2.226382167353632	30166	30174	5e-05		30179	1
hero:Gatot:RoyalLegion	testcases/gatot_verified/s8-30205-t9-marksmen-vs-one-t1-fc10-infantry.json#0	30179	1	30179		current	False	500	30176.21	7.874128764988224	30160	30190	0.863057		30205	1
hero:Gatot:RoyalLegion	testcases/gatot_verified/s8-30205-t9-marksmen-vs-one-t1-fc10-infantry.json#0	30179	1	30179		omit	False	500	30196.184	2.084907114322056	30192	30200	5e-05		30205	1
hero:Gatot:RoyalLegion	testcases/gatot_verified/s8-30205-t9-marksmen-vs-one-t1-fc10-infantry.json#0	30179	1	30179		enemy_infantry_only	False	500	30196.184	2.084907114322056	30192	30200	5e-05		30205	1
hero:Gatot:RoyalLegion	testcases/gatot_verified/s8-30228-t9-marksmen-vs-one-t1-fc10-infantry.json#0	30205	1	30205		current	False	500	30199.966	7.805042047466808	30182	30213	0.707215		30228	1
hero:Gatot:RoyalLegion	testcases/gatot_verified/s8-30228-t9-marksmen-vs-one-t1-fc10-infantry.json#0	30205	1	30205		omit	False	500	30219.364	2.1270996935293014	30215	30223	5e-05		30228	1
hero:Gatot:RoyalLegion	testcases/gatot_verified/s8-30228-t9-marksmen-vs-one-t1-fc10-infantry.json#0	30205	1	30205		enemy_infantry_only	False	500	30219.364	2.1270996935293014	30215	30223	5e-05		30228	1
hero:Gatot:RoyalLegion	testcases/gatot_verified/s8-33427-t9-marksmen-vs-one-t1-fc10-infantry.json#0	33401	1	33401		current	False	500	33402.77	6.840664396004051	33388	33413	0.867557		33427	1
hero:Gatot:RoyalLegion	testcases/gatot_verified/s8-33427-t9-marksmen-vs-one-t1-fc10-infantry.json#0	33401	1	33401		omit	False	500	33420.178	1.6564430588506336	33417	33423	5e-05		33427	1
hero:Gatot:RoyalLegion	testcases/gatot_verified/s8-33427-t9-marksmen-vs-one-t1-fc10-infantry.json#0	33401	1	33401		enemy_infantry_only	False	500	33420.178	1.6564430588506336	33417	33423	5e-05		33427	1
hero:Gatot:RoyalLegion	testcases/gatot_verified/s8-33452-t9-marksmen-vs-one-t1-fc10-infantry.json#0	33427	1	33427		current	False	500	33426.856	7.472009492211779	33409	33439	0.876706		33452	1
hero:Gatot:RoyalLegion	testcases/gatot_verified/s8-33452-t9-marksmen-vs-one-t1-fc10-infantry.json#0	33427	1	33427		omit	False	500	33445.046	1.773746417249488	33441	33448	5e-05		33452	1
hero:Gatot:RoyalLegion	testcases/gatot_verified/s8-33452-t9-marksmen-vs-one-t1-fc10-infantry.json#0	33427	1	33427		enemy_infantry_only	False	500	33445.046	1.773746417249488	33441	33448	5e-05		33452	1
hero:Gatot:RoyalLegion	testcases/gatot_verified/s8-33481-t9-marksmen-vs-one-t1-fc10-infantry.json#0	33452	1	33452		current	False	500	33456.22	6.9466619483352146	33440	33467	0.427029		33481	1
hero:Gatot:RoyalLegion	testcases/gatot_verified/s8-33481-t9-marksmen-vs-one-t1-fc10-infantry.json#0	33452	1	33452		omit	False	500	33474.114	1.6907753969364994	33471	33477	5e-05		33481	1
hero:Gatot:RoyalLegion	testcases/gatot_verified/s8-33481-t9-marksmen-vs-one-t1-fc10-infantry.json#0	33452	1	33452		enemy_infantry_only	False	500	33474.114	1.6907753969364994	33471	33477	5e-05		33481	1
hero:Gatot:RoyalLegion	testcases/gatot_verified/s8-33510-t9-marksmen-vs-one-t1-fc10-infantry.json#0	33481	1	33481		current	False	500	33485.798	7.2706892275552315	33470	33498	0.432728		33510	1
hero:Gatot:RoyalLegion	testcases/gatot_verified/s8-33510-t9-marksmen-vs-one-t1-fc10-infantry.json#0	33481	1	33481		omit	False	500	33503.24	1.6709230885758526	33500	33506	5e-05		33510	1
hero:Gatot:RoyalLegion	testcases/gatot_verified/s8-33510-t9-marksmen-vs-one-t1-fc10-infantry.json#0	33481	1	33481		enemy_infantry_only	False	500	33503.24	1.6709230885758526	33500	33506	5e-05		33510	1
hero:Renee:NightmareTrace	testcases/emulator_verified/ambusher_logan_renee_vs_logan_patrick_nc.json#0	2057,572,-2668,1547,2428,2199,-1731,1178,-1580,-2209	10	179.3	2006.635993674765	current	False	1000	-777.058	1876.2845013926249	-3707	2495	0.154992		7500	10000
hero:Renee:NightmareTrace	testcases/emulator_verified/ambusher_logan_renee_vs_logan_patrick_nc.json#0	2057,572,-2668,1547,2428,2199,-1731,1178,-1580,-2209	10	179.3	2006.635993674765	omit	False	1000	-1735.127	1785.810043757001	-4317	2051	0.0018		7500	10000
hero:Renee:NightmareTrace	testcases/emulator_verified/ambusher_logan_renee_vs_logan_patrick_nc.json#0	2057,572,-2668,1547,2428,2199,-1731,1178,-1580,-2209	10	179.3	2006.635993674765	skill_kind	False	1000	-777.058	1876.2845013926249	-3707	2495	0.154992		7500	10000
hero:Renee:NightmareTrace	testcases/emulator_verified/ambusher_logan_renee_vs_logan_patrick_nc.json#0	2057,572,-2668,1547,2428,2199,-1731,1178,-1580,-2209	10	179.3	2006.635993674765	immediate_delivery	False	1000	638.707	1820.1791651769752	-3070	3019	0.611219		7500	10000
hero:Renee:NightmareTrace	testcases/emulator_verified/ambusher_logan_renee_vs_logan_patrick_nc.json#0	2057,572,-2668,1547,2428,2199,-1731,1178,-1580,-2209	10	179.3	2006.635993674765	carrier_all_sources	False	1000	-1389.854	1794.1984111637773	-4046	2149	0.0098		7500	10000
hero:Renee:NightmareTrace	testcases/emulator_verified/hector_renee_wayne.json#0	1597	1	1597		current	False	1000	1588.157	2.8214023660781535	1583	1594	0.00525		1700	300
hero:Renee:NightmareTrace	testcases/emulator_verified/hector_renee_wayne.json#0	1597	1	1597		omit	False	1000	1588.157	2.8214023660781535	1583	1594	0.00525		1700	300
hero:Renee:NightmareTrace	testcases/emulator_verified/hector_renee_wayne.json#0	1597	1	1597		skill_kind	False	1000	1588.157	2.8214023660781535	1583	1594	0.00525		1700	300
hero:Renee:NightmareTrace	testcases/emulator_verified/hector_renee_wayne.json#0	1597	1	1597		immediate_delivery	False	1000	1588.157	2.8214023660781535	1583	1594	0.00525		1700	300
hero:Renee:NightmareTrace	testcases/emulator_verified/hector_renee_wayne.json#0	1597	1	1597		carrier_all_sources	False	1000	1623.681	1.658309075229629	1620	1627	5e-05		1700	300
hero:Renee:NightmareTrace	testcases/emulator_verified/renee_ahmose_damage_taken_overlap_attacker_nc.json#0	3777	1	3777		current	True	1	3778	0	3778	3778		[1]	4500	13400
hero:Renee:NightmareTrace	testcases/emulator_verified/renee_ahmose_damage_taken_overlap_attacker_nc.json#0	3777	1	3777		omit	True	1	3556	0	3556	3556		[-221]	4500	13400
hero:Renee:NightmareTrace	testcases/emulator_verified/renee_ahmose_damage_taken_overlap_attacker_nc.json#0	3777	1	3777		skill_kind	True	1	3778	0	3778	3778		[1]	4500	13400
hero:Renee:NightmareTrace	testcases/emulator_verified/renee_ahmose_damage_taken_overlap_attacker_nc.json#0	3777	1	3777		immediate_delivery	True	1	3782	0	3782	3782		[5]	4500	13400
hero:Renee:NightmareTrace	testcases/emulator_verified/renee_ahmose_damage_taken_overlap_attacker_nc.json#0	3777	1	3777		carrier_all_sources	True	1	3744	0	3744	3744		[-33]	4500	13400
hero:Renee:NightmareTrace	testcases/emulator_verified/renee_charge_single_target_bucket_nc.json#0	50	1	50		current	True	1	50	0	50	50		[0]	500	1490
hero:Renee:NightmareTrace	testcases/emulator_verified/renee_charge_single_target_bucket_nc.json#0	50	1	50		omit	True	1	-530	0	-530	-530		[-580]	500	1490
hero:Renee:NightmareTrace	testcases/emulator_verified/renee_charge_single_target_bucket_nc.json#0	50	1	50		skill_kind	True	1	50	0	50	50		[0]	500	1490
hero:Renee:NightmareTrace	testcases/emulator_verified/renee_charge_single_target_bucket_nc.json#0	50	1	50		immediate_delivery	True	1	60	0	60	60		[10]	500	1490
hero:Renee:NightmareTrace	testcases/emulator_verified/renee_charge_single_target_bucket_nc.json#0	50	1	50		carrier_all_sources	True	1	50	0	50	50		[0]	500	1490
hero:Renee:NightmareTrace	testcases/emulator_verified/renee_gwen_bucket_retry_nc.json#0	318	1	318		current	True	1	318	0	318	318		[0]	500	900
hero:Renee:NightmareTrace	testcases/emulator_verified/renee_gwen_bucket_retry_nc.json#0	318	1	318		omit	True	1	249	0	249	249		[-69]	500	900
hero:Renee:NightmareTrace	testcases/emulator_verified/renee_gwen_bucket_retry_nc.json#0	318	1	318		skill_kind	True	1	318	0	318	318		[0]	500	900
hero:Renee:NightmareTrace	testcases/emulator_verified/renee_gwen_bucket_retry_nc.json#0	318	1	318		immediate_delivery	True	1	320	0	320	320		[2]	500	900
hero:Renee:NightmareTrace	testcases/emulator_verified/renee_gwen_bucket_retry_nc.json#0	318	1	318		carrier_all_sources	True	1	318	0	318	318		[0]	500	900
hero:Renee:NightmareTrace	testcases/emulator_verified/renee_hendrik_defense_bucket_nc.json#0	14	1	14		current	True	1	14	0	14	14		[0]	120	446
hero:Renee:NightmareTrace	testcases/emulator_verified/renee_hendrik_defense_bucket_nc.json#0	14	1	14		omit	True	1	-183	0	-183	-183		[-197]	120	446
hero:Renee:NightmareTrace	testcases/emulator_verified/renee_hendrik_defense_bucket_nc.json#0	14	1	14		skill_kind	True	1	14	0	14	14		[0]	120	446
hero:Renee:NightmareTrace	testcases/emulator_verified/renee_hendrik_defense_bucket_nc.json#0	14	1	14		immediate_delivery	True	1	14	0	14	14		[0]	120	446
hero:Renee:NightmareTrace	testcases/emulator_verified/renee_hendrik_defense_bucket_nc.json#0	14	1	14		carrier_all_sources	True	1	14	0	14	14		[0]	120	446
hero:Renee:NightmareTrace	testcases/emulator_verified/renee_solo_nc.json#0	-554,-554,-554,-554,-554	5	-554	0.0	current	True	1	-554	0	-554	-554		[0, 0, 0, 0, 0]	1260	600
hero:Renee:NightmareTrace	testcases/emulator_verified/renee_solo_nc.json#0	-554,-554,-554,-554,-554	5	-554	0.0	omit	True	1	-545	0	-545	-545		[9, 9, 9, 9, 9]	1260	600
hero:Renee:NightmareTrace	testcases/emulator_verified/renee_solo_nc.json#0	-554,-554,-554,-554,-554	5	-554	0.0	skill_kind	True	1	-554	0	-554	-554		[0, 0, 0, 0, 0]	1260	600
hero:Renee:NightmareTrace	testcases/emulator_verified/renee_solo_nc.json#0	-554,-554,-554,-554,-554	5	-554	0.0	immediate_delivery	True	1	-558	0	-558	-558		[-4, -4, -4, -4, -4]	1260	600
hero:Renee:NightmareTrace	testcases/emulator_verified/renee_solo_nc.json#0	-554,-554,-554,-554,-554	5	-554	0.0	carrier_all_sources	True	1	-545	0	-545	-545		[9, 9, 9, 9, 9]	1260	600
hero:Renee:NightmareTrace	testcases/emulator_verified/renee_wayne_mixed_510_vs_888.json#0	427	1	427		current	False	1000	423.311	1.7468057506003072	420	427	0.072396		510	888
hero:Renee:NightmareTrace	testcases/emulator_verified/renee_wayne_mixed_510_vs_888.json#0	427	1	427		omit	False	1000	411.891	2.0706053236689934	408	416	5e-05		510	888
hero:Renee:NightmareTrace	testcases/emulator_verified/renee_wayne_mixed_510_vs_888.json#0	427	1	427		skill_kind	False	1000	423.311	1.7468057506003072	420	427	0.072396		510	888
hero:Renee:NightmareTrace	testcases/emulator_verified/renee_wayne_mixed_510_vs_888.json#0	427	1	427		immediate_delivery	False	1000	423.702	1.7064899964863818	421	427	0.109795		510	888
hero:Renee:NightmareTrace	testcases/emulator_verified/renee_wayne_mixed_510_vs_888.json#0	427	1	427		carrier_all_sources	False	1000	413.673	2.0489678546207837	410	418	5e-05		510	888
hero:Renee:NightmareTrace	testcases/emulator_verified/renee_wu_ming_s1_damage_kind_nc.json#0	359	1	359		current	True	1	359	0	359	359		[0]	1500	4000
hero:Renee:NightmareTrace	testcases/emulator_verified/renee_wu_ming_s1_damage_kind_nc.json#0	359	1	359		omit	True	1	-1338	0	-1338	-1338		[-1697]	1500	4000
hero:Renee:NightmareTrace	testcases/emulator_verified/renee_wu_ming_s1_damage_kind_nc.json#0	359	1	359		skill_kind	True	1	347	0	347	347		[-12]	1500	4000
hero:Renee:NightmareTrace	testcases/emulator_verified/renee_wu_ming_s1_damage_kind_nc.json#0	359	1	359		immediate_delivery	True	1	367	0	367	367		[8]	1500	4000
hero:Renee:NightmareTrace	testcases/emulator_verified/renee_wu_ming_s1_damage_kind_nc.json#0	359	1	359		carrier_all_sources	True	1	359	0	359	359		[0]	1500	4000
hero:Renee:NightmareTrace	archive:testcases/emulator_verified/renee_kind_100_lancer_control_nc.json#0	2669	1	2669		current	True	1	2669	0	2669	2669		[0]	2800	401
hero:Renee:NightmareTrace	archive:testcases/emulator_verified/renee_kind_100_lancer_control_nc.json#0	2669	1	2669		omit	True	1	2669	0	2669	2669		[0]	2800	401
hero:Renee:NightmareTrace	archive:testcases/emulator_verified/renee_kind_100_lancer_control_nc.json#0	2669	1	2669		skill_kind	True	1	2669	0	2669	2669		[0]	2800	401
hero:Renee:NightmareTrace	archive:testcases/emulator_verified/renee_kind_100_lancer_control_nc.json#0	2669	1	2669		immediate_delivery	True	1	2669	0	2669	2669		[0]	2800	401
hero:Renee:NightmareTrace	archive:testcases/emulator_verified/renee_kind_100_lancer_control_nc.json#0	2669	1	2669		carrier_all_sources	True	1	2669	0	2669	2669		[0]	2800	401
hero:Renee:NightmareTrace	archive:testcases/emulator_verified/renee_kind_100_lancer_nc.json#0	2352	1	2352		current	True	1	2352	0	2352	2352		[0]	2800	401
hero:Renee:NightmareTrace	archive:testcases/emulator_verified/renee_kind_100_lancer_nc.json#0	2352	1	2352		omit	True	1	2447	0	2447	2447		[95]	2800	401
hero:Renee:NightmareTrace	archive:testcases/emulator_verified/renee_kind_100_lancer_nc.json#0	2352	1	2352		skill_kind	True	1	2352	0	2352	2352		[0]	2800	401
hero:Renee:NightmareTrace	archive:testcases/emulator_verified/renee_kind_100_lancer_nc.json#0	2352	1	2352		immediate_delivery	True	1	2352	0	2352	2352		[0]	2800	401
hero:Renee:NightmareTrace	archive:testcases/emulator_verified/renee_kind_100_lancer_nc.json#0	2352	1	2352		carrier_all_sources	True	1	2409	0	2409	2409		[57]	2800	401
hero:Renee:NightmareTrace	archive:testcases/emulator_verified/renee_kind_25_lancer_control_nc.json#0	2672	1	2672		current	True	1	2672	0	2672	2672		[0]	2800	401
hero:Renee:NightmareTrace	archive:testcases/emulator_verified/renee_kind_25_lancer_control_nc.json#0	2672	1	2672		omit	True	1	2672	0	2672	2672		[0]	2800	401
hero:Renee:NightmareTrace	archive:testcases/emulator_verified/renee_kind_25_lancer_control_nc.json#0	2672	1	2672		skill_kind	True	1	2672	0	2672	2672		[0]	2800	401
hero:Renee:NightmareTrace	archive:testcases/emulator_verified/renee_kind_25_lancer_control_nc.json#0	2672	1	2672		immediate_delivery	True	1	2672	0	2672	2672		[0]	2800	401
hero:Renee:NightmareTrace	archive:testcases/emulator_verified/renee_kind_25_lancer_control_nc.json#0	2672	1	2672		carrier_all_sources	True	1	2672	0	2672	2672		[0]	2800	401
hero:Renee:NightmareTrace	archive:testcases/emulator_verified/renee_kind_25_lancer_nc.json#0	2515,2515	2	2515	0.0	current	True	1	2516	0	2516	2516		[1, 1]	2800	401
hero:Renee:NightmareTrace	archive:testcases/emulator_verified/renee_kind_25_lancer_nc.json#0	2515,2515	2	2515	0.0	omit	True	1	2556	0	2556	2556		[41, 41]	2800	401
hero:Renee:NightmareTrace	archive:testcases/emulator_verified/renee_kind_25_lancer_nc.json#0	2515,2515	2	2515	0.0	skill_kind	True	1	2516	0	2516	2516		[1, 1]	2800	401
hero:Renee:NightmareTrace	archive:testcases/emulator_verified/renee_kind_25_lancer_nc.json#0	2515,2515	2	2515	0.0	immediate_delivery	True	1	2516	0	2516	2516		[1, 1]	2800	401
hero:Renee:NightmareTrace	archive:testcases/emulator_verified/renee_kind_25_lancer_nc.json#0	2515,2515	2	2515	0.0	carrier_all_sources	True	1	2529	0	2529	2529		[14, 14]	2800	401
hero:Renee:NightmareTrace	archive:testcases/emulator_verified/renee_kind_s1_damage_up_anchor_control_nc.json#0	2772	1	2772		current	True	1	2772	0	2772	2772		[0]	3000	100
hero:Renee:NightmareTrace	archive:testcases/emulator_verified/renee_kind_s1_damage_up_anchor_control_nc.json#0	2772	1	2772		omit	True	1	2840	0	2840	2840		[68]	3000	100
hero:Renee:NightmareTrace	archive:testcases/emulator_verified/renee_kind_s1_damage_up_anchor_control_nc.json#0	2772	1	2772		skill_kind	True	1	2772	0	2772	2772		[0]	3000	100
hero:Renee:NightmareTrace	archive:testcases/emulator_verified/renee_kind_s1_damage_up_anchor_control_nc.json#0	2772	1	2772		immediate_delivery	True	1	2771	0	2771	2771		[-1]	3000	100
hero:Renee:NightmareTrace	archive:testcases/emulator_verified/renee_kind_s1_damage_up_anchor_control_nc.json#0	2772	1	2772		carrier_all_sources	True	1	2772	0	2772	2772		[0]	3000	100
hero:Renee:NightmareTrace	archive:testcases/emulator_verified/renee_kind_s1_damage_up_anchor_edith_nc.json#0	2703	1	2703		current	True	1	2703	0	2703	2703		[0]	3000	100
hero:Renee:NightmareTrace	archive:testcases/emulator_verified/renee_kind_s1_damage_up_anchor_edith_nc.json#0	2703	1	2703		omit	True	1	2793	0	2793	2793		[90]	3000	100
hero:Renee:NightmareTrace	archive:testcases/emulator_verified/renee_kind_s1_damage_up_anchor_edith_nc.json#0	2703	1	2703		skill_kind	True	1	2703	0	2703	2703		[0]	3000	100
hero:Renee:NightmareTrace	archive:testcases/emulator_verified/renee_kind_s1_damage_up_anchor_edith_nc.json#0	2703	1	2703		immediate_delivery	True	1	2703	0	2703	2703		[0]	3000	100
hero:Renee:NightmareTrace	archive:testcases/emulator_verified/renee_kind_s1_damage_up_anchor_edith_nc.json#0	2703	1	2703		carrier_all_sources	True	1	2703	0	2703	2703		[0]	3000	100
hero:Renee:NightmareTrace	archive:testcases/emulator_verified/renee_kind_zero_lancer_control_nc.json#0	2688	1	2688		current	True	1	2688	0	2688	2688		[0]	2800	401
hero:Renee:NightmareTrace	archive:testcases/emulator_verified/renee_kind_zero_lancer_control_nc.json#0	2688	1	2688		omit	True	1	2688	0	2688	2688		[0]	2800	401
hero:Renee:NightmareTrace	archive:testcases/emulator_verified/renee_kind_zero_lancer_control_nc.json#0	2688	1	2688		skill_kind	True	1	2688	0	2688	2688		[0]	2800	401
hero:Renee:NightmareTrace	archive:testcases/emulator_verified/renee_kind_zero_lancer_control_nc.json#0	2688	1	2688		immediate_delivery	True	1	2688	0	2688	2688		[0]	2800	401
hero:Renee:NightmareTrace	archive:testcases/emulator_verified/renee_kind_zero_lancer_control_nc.json#0	2688	1	2688		carrier_all_sources	True	1	2688	0	2688	2688		[0]	2800	401
hero:Renee:NightmareTrace	archive:testcases/emulator_verified/renee_kind_zero_lancer_nc.json#0	2688	1	2688		current	True	1	2688	0	2688	2688		[0]	2800	401
hero:Renee:NightmareTrace	archive:testcases/emulator_verified/renee_kind_zero_lancer_nc.json#0	2688	1	2688		omit	True	1	2688	0	2688	2688		[0]	2800	401
hero:Renee:NightmareTrace	archive:testcases/emulator_verified/renee_kind_zero_lancer_nc.json#0	2688	1	2688		skill_kind	True	1	2688	0	2688	2688		[0]	2800	401
hero:Renee:NightmareTrace	archive:testcases/emulator_verified/renee_kind_zero_lancer_nc.json#0	2688	1	2688		immediate_delivery	True	1	2688	0	2688	2688		[0]	2800	401
hero:Renee:NightmareTrace	archive:testcases/emulator_verified/renee_kind_zero_lancer_nc.json#0	2688	1	2688		carrier_all_sources	True	1	2667	0	2667	2667		[-21]	2800	401
hero:Renee:NightmareTrace	archive:testcases/emulator_verified/renee_same_kind_ahmose_damage_taken_up_nc.json#0	1631	1	1631		current	True	1	1622	0	1622	1622		[-9]	5000	400
hero:Renee:NightmareTrace	archive:testcases/emulator_verified/renee_same_kind_ahmose_damage_taken_up_nc.json#0	1631	1	1631		omit	True	1	2745	0	2745	2745		[1114]	5000	400
hero:Renee:NightmareTrace	archive:testcases/emulator_verified/renee_same_kind_ahmose_damage_taken_up_nc.json#0	1631	1	1631		skill_kind	True	1	1622	0	1622	1622		[-9]	5000	400
hero:Renee:NightmareTrace	archive:testcases/emulator_verified/renee_same_kind_ahmose_damage_taken_up_nc.json#0	1631	1	1631		immediate_delivery	True	1	1518	0	1518	1518		[-113]	5000	400
hero:Renee:NightmareTrace	archive:testcases/emulator_verified/renee_same_kind_ahmose_damage_taken_up_nc.json#0	1631	1	1631		carrier_all_sources	True	1	1956	0	1956	1956		[325]	5000	400
hero:Renee:NightmareTrace	archive:testcases/emulator_verified/renee_same_kind_ahmose_damage_taken_up_strong_nc.json#0	2810	1	2810		current	True	1	2574	0	2574	2574		[-236]	10000	800
hero:Renee:NightmareTrace	archive:testcases/emulator_verified/renee_same_kind_ahmose_damage_taken_up_strong_nc.json#0	2810	1	2810		omit	True	1	5347	0	5347	5347		[2537]	10000	800
hero:Renee:NightmareTrace	archive:testcases/emulator_verified/renee_same_kind_ahmose_damage_taken_up_strong_nc.json#0	2810	1	2810		skill_kind	True	1	2574	0	2574	2574		[-236]	10000	800
hero:Renee:NightmareTrace	archive:testcases/emulator_verified/renee_same_kind_ahmose_damage_taken_up_strong_nc.json#0	2810	1	2810		immediate_delivery	True	1	2531	0	2531	2531		[-279]	10000	800
hero:Renee:NightmareTrace	archive:testcases/emulator_verified/renee_same_kind_ahmose_damage_taken_up_strong_nc.json#0	2810	1	2810		carrier_all_sources	True	1	3705	0	3705	3705		[895]	10000	800
hero:Renee:NightmareTrace	archive:testcases/emulator_verified/renee_same_kind_edith_damage_up_nc.json#0	4883	1	4883		current	True	1	4882	0	4882	4882		[-1]	8000	500
hero:Renee:NightmareTrace	archive:testcases/emulator_verified/renee_same_kind_edith_damage_up_nc.json#0	4883	1	4883		omit	True	1	5872	0	5872	5872		[989]	8000	500
hero:Renee:NightmareTrace	archive:testcases/emulator_verified/renee_same_kind_edith_damage_up_nc.json#0	4883	1	4883		skill_kind	True	1	4882	0	4882	4882		[-1]	8000	500
hero:Renee:NightmareTrace	archive:testcases/emulator_verified/renee_same_kind_edith_damage_up_nc.json#0	4883	1	4883		immediate_delivery	True	1	4855	0	4855	4855		[-28]	8000	500
hero:Renee:NightmareTrace	archive:testcases/emulator_verified/renee_same_kind_edith_damage_up_nc.json#0	4883	1	4883		carrier_all_sources	True	1	4882	0	4882	4882		[-1]	8000	500
hero:Renee:NightmareTrace	archive:testcases/emulator_verified/renee_same_kind_hendrik_defense_down_nc.json#0	46014	1	46014		current	False	1000	48221.448	638.7782564841706	47013	49569	0.001		57400	40
hero:Renee:NightmareTrace	archive:testcases/emulator_verified/renee_same_kind_hendrik_defense_down_nc.json#0	46014	1	46014		omit	False	1000	51107.544	456.6782950054984	50240	52039	5e-05		57400	40
hero:Renee:NightmareTrace	archive:testcases/emulator_verified/renee_same_kind_hendrik_defense_down_nc.json#0	46014	1	46014		skill_kind	False	1000	48221.448	638.7782564841706	47013	49569	0.001		57400	40
hero:Renee:NightmareTrace	archive:testcases/emulator_verified/renee_same_kind_hendrik_defense_down_nc.json#0	46014	1	46014		immediate_delivery	False	1000	48193.177	639.5019346299081	46986	49548	0.0011		57400	40
hero:Renee:NightmareTrace	archive:testcases/emulator_verified/renee_same_kind_hendrik_defense_down_nc.json#0	46014	1	46014		carrier_all_sources	False	1000	48221.448	638.7782564841706	47013	49569	0.001		57400	40
hero:Renee:NightmareTrace	archive:testcases/emulator_verified/renee_same_kind_jasser_lethality_up_nc.json#0	791	1	791		current	True	1	787	0	787	787		[-4]	8000	800
hero:Renee:NightmareTrace	archive:testcases/emulator_verified/renee_same_kind_jasser_lethality_up_nc.json#0	791	1	791		omit	True	1	3635	0	3635	3635		[2844]	8000	800
hero:Renee:NightmareTrace	archive:testcases/emulator_verified/renee_same_kind_jasser_lethality_up_nc.json#0	791	1	791		skill_kind	True	1	787	0	787	787		[-4]	8000	800
hero:Renee:NightmareTrace	archive:testcases/emulator_verified/renee_same_kind_jasser_lethality_up_nc.json#0	791	1	791		immediate_delivery	True	1	656	0	656	656		[-135]	8000	800
hero:Renee:NightmareTrace	archive:testcases/emulator_verified/renee_same_kind_jasser_lethality_up_nc.json#0	791	1	791		carrier_all_sources	True	1	787	0	787	787		[-4]	8000	800
hero:Renee:NightmareTrace	archive:testcases/emulator_verified/renee_same_kind_seo_yoon_attack_up_nc.json#0	1334	1	1334		current	True	1	1326	0	1326	1326		[-8]	8000	800
hero:Renee:NightmareTrace	archive:testcases/emulator_verified/renee_same_kind_seo_yoon_attack_up_nc.json#0	1334	1	1334		omit	True	1	3850	0	3850	3850		[2516]	8000	800
hero:Renee:NightmareTrace	archive:testcases/emulator_verified/renee_same_kind_seo_yoon_attack_up_nc.json#0	1334	1	1334		skill_kind	True	1	1326	0	1326	1326		[-8]	8000	800
hero:Renee:NightmareTrace	archive:testcases/emulator_verified/renee_same_kind_seo_yoon_attack_up_nc.json#0	1334	1	1334		immediate_delivery	True	1	1236	0	1236	1236		[-98]	8000	800
hero:Renee:NightmareTrace	archive:testcases/emulator_verified/renee_same_kind_seo_yoon_attack_up_nc.json#0	1334	1	1334		carrier_all_sources	True	1	1326	0	1326	1326		[-8]	8000	800
hero:Renee:NightmareTrace	archive:testcases/emulator_verified/renee_same_kind_wu_ming_skill_damage_nc.json#0	1639	1	1639		current	True	1	1637	0	1637	1637		[-2]	8000	800
hero:Renee:NightmareTrace	archive:testcases/emulator_verified/renee_same_kind_wu_ming_skill_damage_nc.json#0	1639	1	1639		omit	True	1	3979	0	3979	3979		[2340]	8000	800
hero:Renee:NightmareTrace	archive:testcases/emulator_verified/renee_same_kind_wu_ming_skill_damage_nc.json#0	1639	1	1639		skill_kind	True	1	1299	0	1299	1299		[-340]	8000	800
hero:Renee:NightmareTrace	archive:testcases/emulator_verified/renee_same_kind_wu_ming_skill_damage_nc.json#0	1639	1	1639		immediate_delivery	True	1	1531	0	1531	1531		[-108]	8000	800
hero:Renee:NightmareTrace	archive:testcases/emulator_verified/renee_same_kind_wu_ming_skill_damage_nc.json#0	1639	1	1639		carrier_all_sources	True	1	1637	0	1637	1637		[-2]	8000	800
hero:Renee:NightmareTrace	archive:skill/tmp/renee_gwen_2k_discriminator.ts#observed	1221	1	1221		current	True	1	1221	0	1221	1221		[0]	2000	10000
hero:Renee:NightmareTrace	archive:skill/tmp/renee_gwen_2k_discriminator.ts#observed	1221	1	1221		omit	True	1	843	0	843	843		[-378]	2000	10000
hero:Renee:NightmareTrace	archive:skill/tmp/renee_gwen_2k_discriminator.ts#observed	1221	1	1221		skill_kind	True	1	1221	0	1221	1221		[0]	2000	10000
hero:Renee:NightmareTrace	archive:skill/tmp/renee_gwen_2k_discriminator.ts#observed	1221	1	1221		immediate_delivery	True	1	1227	0	1227	1227		[6]	2000	10000
hero:Renee:NightmareTrace	archive:skill/tmp/renee_gwen_2k_discriminator.ts#observed	1221	1	1221		carrier_all_sources	True	1	1221	0	1221	1221		[0]	2000	10000
hero:Renee:Dreamcatcher	testcases/emulator_verified/hector_renee_wayne.json#0	1597	1	1597		current	False	1000	1588.157	2.8214023660781535	1583	1594	0.00525		1700	300
hero:Renee:Dreamcatcher	testcases/emulator_verified/hector_renee_wayne.json#0	1597	1	1597		omit	False	1000	1588.157	2.8214023660781535	1583	1594	0.00525		1700	300
hero:Renee:Dreamcatcher	testcases/emulator_verified/hector_renee_wayne.json#0	1597	1	1597		both_kinds	False	1000	1588.157	2.8214023660781535	1583	1594	0.00525		1700	300
hero:Renee:Dreamcatcher	testcases/emulator_verified/hector_renee_wayne.json#0	1597	1	1597		all_sources	False	1000	1588.157	2.8214023660781535	1583	1594	0.00525		1700	300
hero:Renee:Dreamcatcher	testcases/emulator_verified/renee_ahmose_damage_taken_overlap_attacker_nc.json#0	3777	1	3777		current	True	1	3778	0	3778	3778		[1]	4500	13400
hero:Renee:Dreamcatcher	testcases/emulator_verified/renee_ahmose_damage_taken_overlap_attacker_nc.json#0	3777	1	3777		omit	True	1	3648	0	3648	3648		[-129]	4500	13400
hero:Renee:Dreamcatcher	testcases/emulator_verified/renee_ahmose_damage_taken_overlap_attacker_nc.json#0	3777	1	3777		both_kinds	True	1	3778	0	3778	3778		[1]	4500	13400
hero:Renee:Dreamcatcher	testcases/emulator_verified/renee_ahmose_damage_taken_overlap_attacker_nc.json#0	3777	1	3777		all_sources	True	1	3857	0	3857	3857		[80]	4500	13400
hero:Renee:Dreamcatcher	testcases/emulator_verified/renee_charge_single_target_bucket_nc.json#0	50	1	50		current	True	1	50	0	50	50		[0]	500	1490
hero:Renee:Dreamcatcher	testcases/emulator_verified/renee_charge_single_target_bucket_nc.json#0	50	1	50		omit	True	1	-402	0	-402	-402		[-452]	500	1490
hero:Renee:Dreamcatcher	testcases/emulator_verified/renee_charge_single_target_bucket_nc.json#0	50	1	50		both_kinds	True	1	50	0	50	50		[0]	500	1490
hero:Renee:Dreamcatcher	testcases/emulator_verified/renee_charge_single_target_bucket_nc.json#0	50	1	50		all_sources	True	1	50	0	50	50		[0]	500	1490
hero:Renee:Dreamcatcher	testcases/emulator_verified/renee_gwen_bucket_retry_nc.json#0	318	1	318		current	True	1	318	0	318	318		[0]	500	900
hero:Renee:Dreamcatcher	testcases/emulator_verified/renee_gwen_bucket_retry_nc.json#0	318	1	318		omit	True	1	272	0	272	272		[-46]	500	900
hero:Renee:Dreamcatcher	testcases/emulator_verified/renee_gwen_bucket_retry_nc.json#0	318	1	318		both_kinds	True	1	321	0	321	321		[3]	500	900
hero:Renee:Dreamcatcher	testcases/emulator_verified/renee_gwen_bucket_retry_nc.json#0	318	1	318		all_sources	True	1	318	0	318	318		[0]	500	900
hero:Renee:Dreamcatcher	testcases/emulator_verified/renee_hendrik_defense_bucket_nc.json#0	14	1	14		current	True	1	14	0	14	14		[0]	120	446
hero:Renee:Dreamcatcher	testcases/emulator_verified/renee_hendrik_defense_bucket_nc.json#0	14	1	14		omit	True	1	-144	0	-144	-144		[-158]	120	446
hero:Renee:Dreamcatcher	testcases/emulator_verified/renee_hendrik_defense_bucket_nc.json#0	14	1	14		both_kinds	True	1	14	0	14	14		[0]	120	446
hero:Renee:Dreamcatcher	testcases/emulator_verified/renee_hendrik_defense_bucket_nc.json#0	14	1	14		all_sources	True	1	14	0	14	14		[0]	120	446
hero:Renee:Dreamcatcher	testcases/emulator_verified/renee_solo_nc.json#0	-554,-554,-554,-554,-554	5	-554	0.0	current	True	1	-554	0	-554	-554		[0, 0, 0, 0, 0]	1260	600
hero:Renee:Dreamcatcher	testcases/emulator_verified/renee_solo_nc.json#0	-554,-554,-554,-554,-554	5	-554	0.0	omit	True	1	-553	0	-553	-553		[1, 1, 1, 1, 1]	1260	600
hero:Renee:Dreamcatcher	testcases/emulator_verified/renee_solo_nc.json#0	-554,-554,-554,-554,-554	5	-554	0.0	both_kinds	True	1	-554	0	-554	-554		[0, 0, 0, 0, 0]	1260	600
hero:Renee:Dreamcatcher	testcases/emulator_verified/renee_solo_nc.json#0	-554,-554,-554,-554,-554	5	-554	0.0	all_sources	True	1	-555	0	-555	-555		[-1, -1, -1, -1, -1]	1260	600
hero:Renee:Dreamcatcher	testcases/emulator_verified/renee_wayne_mixed_510_vs_888.json#0	427	1	427		current	False	1000	423.311	1.7468057506003072	420	427	0.072396		510	888
hero:Renee:Dreamcatcher	testcases/emulator_verified/renee_wayne_mixed_510_vs_888.json#0	427	1	427		omit	False	1000	415.025	1.987038832867468	411	419	5e-05		510	888
hero:Renee:Dreamcatcher	testcases/emulator_verified/renee_wayne_mixed_510_vs_888.json#0	427	1	427		both_kinds	False	1000	424.415	1.9941794682905838	421	428	0.276586		510	888
hero:Renee:Dreamcatcher	testcases/emulator_verified/renee_wayne_mixed_510_vs_888.json#0	427	1	427		all_sources	False	1000	433.404	1.4194360847881702	431	436	5e-05		510	888
hero:Renee:Dreamcatcher	testcases/emulator_verified/renee_wu_ming_s1_damage_kind_nc.json#0	359	1	359		current	True	1	359	0	359	359		[0]	1500	4000
hero:Renee:Dreamcatcher	testcases/emulator_verified/renee_wu_ming_s1_damage_kind_nc.json#0	359	1	359		omit	True	1	-901	0	-901	-901		[-1260]	1500	4000
hero:Renee:Dreamcatcher	testcases/emulator_verified/renee_wu_ming_s1_damage_kind_nc.json#0	359	1	359		both_kinds	True	1	359	0	359	359		[0]	1500	4000
hero:Renee:Dreamcatcher	testcases/emulator_verified/renee_wu_ming_s1_damage_kind_nc.json#0	359	1	359		all_sources	True	1	359	0	359	359		[0]	1500	4000
hero:Renee:Dreamcatcher	archive:testcases/emulator_verified/renee_kind_100_lancer_control_nc.json#0	2669	1	2669		current	True	1	2669	0	2669	2669		[0]	2800	401
hero:Renee:Dreamcatcher	archive:testcases/emulator_verified/renee_kind_100_lancer_control_nc.json#0	2669	1	2669		omit	True	1	2669	0	2669	2669		[0]	2800	401
hero:Renee:Dreamcatcher	archive:testcases/emulator_verified/renee_kind_100_lancer_control_nc.json#0	2669	1	2669		both_kinds	True	1	2669	0	2669	2669		[0]	2800	401
hero:Renee:Dreamcatcher	archive:testcases/emulator_verified/renee_kind_100_lancer_control_nc.json#0	2669	1	2669		all_sources	True	1	2669	0	2669	2669		[0]	2800	401
hero:Renee:Dreamcatcher	archive:testcases/emulator_verified/renee_kind_100_lancer_nc.json#0	2352	1	2352		current	True	1	2352	0	2352	2352		[0]	2800	401
hero:Renee:Dreamcatcher	archive:testcases/emulator_verified/renee_kind_100_lancer_nc.json#0	2352	1	2352		omit	True	1	2421	0	2421	2421		[69]	2800	401
hero:Renee:Dreamcatcher	archive:testcases/emulator_verified/renee_kind_100_lancer_nc.json#0	2352	1	2352		both_kinds	True	1	2352	0	2352	2352		[0]	2800	401
hero:Renee:Dreamcatcher	archive:testcases/emulator_verified/renee_kind_100_lancer_nc.json#0	2352	1	2352		all_sources	True	1	2297	0	2297	2297		[-55]	2800	401
hero:Renee:Dreamcatcher	archive:testcases/emulator_verified/renee_kind_25_lancer_control_nc.json#0	2672	1	2672		current	True	1	2672	0	2672	2672		[0]	2800	401
hero:Renee:Dreamcatcher	archive:testcases/emulator_verified/renee_kind_25_lancer_control_nc.json#0	2672	1	2672		omit	True	1	2672	0	2672	2672		[0]	2800	401
hero:Renee:Dreamcatcher	archive:testcases/emulator_verified/renee_kind_25_lancer_control_nc.json#0	2672	1	2672		both_kinds	True	1	2672	0	2672	2672		[0]	2800	401
hero:Renee:Dreamcatcher	archive:testcases/emulator_verified/renee_kind_25_lancer_control_nc.json#0	2672	1	2672		all_sources	True	1	2672	0	2672	2672		[0]	2800	401
hero:Renee:Dreamcatcher	archive:testcases/emulator_verified/renee_kind_25_lancer_nc.json#0	2515,2515	2	2515	0.0	current	True	1	2516	0	2516	2516		[1, 1]	2800	401
hero:Renee:Dreamcatcher	archive:testcases/emulator_verified/renee_kind_25_lancer_nc.json#0	2515,2515	2	2515	0.0	omit	True	1	2544	0	2544	2544		[29, 29]	2800	401
hero:Renee:Dreamcatcher	archive:testcases/emulator_verified/renee_kind_25_lancer_nc.json#0	2515,2515	2	2515	0.0	both_kinds	True	1	2516	0	2516	2516		[1, 1]	2800	401
hero:Renee:Dreamcatcher	archive:testcases/emulator_verified/renee_kind_25_lancer_nc.json#0	2515,2515	2	2515	0.0	all_sources	True	1	2457	0	2457	2457		[-58, -58]	2800	401
hero:Renee:Dreamcatcher	archive:testcases/emulator_verified/renee_kind_s1_damage_up_anchor_control_nc.json#0	2772	1	2772		current	True	1	2772	0	2772	2772		[0]	3000	100
hero:Renee:Dreamcatcher	archive:testcases/emulator_verified/renee_kind_s1_damage_up_anchor_control_nc.json#0	2772	1	2772		omit	True	1	2822	0	2822	2822		[50]	3000	100
hero:Renee:Dreamcatcher	archive:testcases/emulator_verified/renee_kind_s1_damage_up_anchor_control_nc.json#0	2772	1	2772		both_kinds	True	1	2772	0	2772	2772		[0]	3000	100
hero:Renee:Dreamcatcher	archive:testcases/emulator_verified/renee_kind_s1_damage_up_anchor_control_nc.json#0	2772	1	2772		all_sources	True	1	2772	0	2772	2772		[0]	3000	100
hero:Renee:Dreamcatcher	archive:testcases/emulator_verified/renee_kind_s1_damage_up_anchor_edith_nc.json#0	2703	1	2703		current	True	1	2703	0	2703	2703		[0]	3000	100
hero:Renee:Dreamcatcher	archive:testcases/emulator_verified/renee_kind_s1_damage_up_anchor_edith_nc.json#0	2703	1	2703		omit	True	1	2769	0	2769	2769		[66]	3000	100
hero:Renee:Dreamcatcher	archive:testcases/emulator_verified/renee_kind_s1_damage_up_anchor_edith_nc.json#0	2703	1	2703		both_kinds	True	1	2703	0	2703	2703		[0]	3000	100
hero:Renee:Dreamcatcher	archive:testcases/emulator_verified/renee_kind_s1_damage_up_anchor_edith_nc.json#0	2703	1	2703		all_sources	True	1	2703	0	2703	2703		[0]	3000	100
hero:Renee:Dreamcatcher	archive:testcases/emulator_verified/renee_kind_zero_lancer_control_nc.json#0	2688	1	2688		current	True	1	2688	0	2688	2688		[0]	2800	401
hero:Renee:Dreamcatcher	archive:testcases/emulator_verified/renee_kind_zero_lancer_control_nc.json#0	2688	1	2688		omit	True	1	2688	0	2688	2688		[0]	2800	401
hero:Renee:Dreamcatcher	archive:testcases/emulator_verified/renee_kind_zero_lancer_control_nc.json#0	2688	1	2688		both_kinds	True	1	2688	0	2688	2688		[0]	2800	401
hero:Renee:Dreamcatcher	archive:testcases/emulator_verified/renee_kind_zero_lancer_control_nc.json#0	2688	1	2688		all_sources	True	1	2688	0	2688	2688		[0]	2800	401
hero:Renee:Dreamcatcher	archive:testcases/emulator_verified/renee_kind_zero_lancer_nc.json#0	2688	1	2688		current	True	1	2688	0	2688	2688		[0]	2800	401
hero:Renee:Dreamcatcher	archive:testcases/emulator_verified/renee_kind_zero_lancer_nc.json#0	2688	1	2688		omit	True	1	2688	0	2688	2688		[0]	2800	401
hero:Renee:Dreamcatcher	archive:testcases/emulator_verified/renee_kind_zero_lancer_nc.json#0	2688	1	2688		both_kinds	True	1	2688	0	2688	2688		[0]	2800	401
hero:Renee:Dreamcatcher	archive:testcases/emulator_verified/renee_kind_zero_lancer_nc.json#0	2688	1	2688		all_sources	True	1	2688	0	2688	2688		[0]	2800	401
hero:Renee:Dreamcatcher	archive:testcases/emulator_verified/renee_same_kind_ahmose_damage_taken_up_nc.json#0	1631	1	1631		current	True	1	1622	0	1622	1622		[-9]	5000	400
hero:Renee:Dreamcatcher	archive:testcases/emulator_verified/renee_same_kind_ahmose_damage_taken_up_nc.json#0	1631	1	1631		omit	True	1	2362	0	2362	2362		[731]	5000	400
hero:Renee:Dreamcatcher	archive:testcases/emulator_verified/renee_same_kind_ahmose_damage_taken_up_nc.json#0	1631	1	1631		both_kinds	True	1	1622	0	1622	1622		[-9]	5000	400
hero:Renee:Dreamcatcher	archive:testcases/emulator_verified/renee_same_kind_ahmose_damage_taken_up_nc.json#0	1631	1	1631		all_sources	True	1	1342	0	1342	1342		[-289]	5000	400
hero:Renee:Dreamcatcher	archive:testcases/emulator_verified/renee_same_kind_ahmose_damage_taken_up_strong_nc.json#0	2810	1	2810		current	True	1	2574	0	2574	2574		[-236]	10000	800
hero:Renee:Dreamcatcher	archive:testcases/emulator_verified/renee_same_kind_ahmose_damage_taken_up_strong_nc.json#0	2810	1	2810		omit	True	1	4578	0	4578	4578		[1768]	10000	800
hero:Renee:Dreamcatcher	archive:testcases/emulator_verified/renee_same_kind_ahmose_damage_taken_up_strong_nc.json#0	2810	1	2810		both_kinds	True	1	2574	0	2574	2574		[-236]	10000	800
hero:Renee:Dreamcatcher	archive:testcases/emulator_verified/renee_same_kind_ahmose_damage_taken_up_strong_nc.json#0	2810	1	2810		all_sources	True	1	2440	0	2440	2440		[-370]	10000	800
hero:Renee:Dreamcatcher	archive:testcases/emulator_verified/renee_same_kind_edith_damage_up_nc.json#0	4883	1	4883		current	True	1	4882	0	4882	4882		[-1]	8000	500
hero:Renee:Dreamcatcher	archive:testcases/emulator_verified/renee_same_kind_edith_damage_up_nc.json#0	4883	1	4883		omit	True	1	5586	0	5586	5586		[703]	8000	500
hero:Renee:Dreamcatcher	archive:testcases/emulator_verified/renee_same_kind_edith_damage_up_nc.json#0	4883	1	4883		both_kinds	True	1	4882	0	4882	4882		[-1]	8000	500
hero:Renee:Dreamcatcher	archive:testcases/emulator_verified/renee_same_kind_edith_damage_up_nc.json#0	4883	1	4883		all_sources	True	1	4882	0	4882	4882		[-1]	8000	500
hero:Renee:Dreamcatcher	archive:testcases/emulator_verified/renee_same_kind_hendrik_defense_down_nc.json#0	46014	1	46014		current	False	1000	48221.448	638.7782564841706	47013	49569	0.001		57400	40
hero:Renee:Dreamcatcher	archive:testcases/emulator_verified/renee_same_kind_hendrik_defense_down_nc.json#0	46014	1	46014		omit	False	1000	50317.852	502.5293024250385	49357	51347	5e-05		57400	40
hero:Renee:Dreamcatcher	archive:testcases/emulator_verified/renee_same_kind_hendrik_defense_down_nc.json#0	46014	1	46014		both_kinds	False	1000	47897.575	720.9427833551509	46499	49390	0.00945		57400	40
hero:Renee:Dreamcatcher	archive:testcases/emulator_verified/renee_same_kind_hendrik_defense_down_nc.json#0	46014	1	46014		all_sources	False	1000	48221.448	638.7782564841706	47013	49569	0.001		57400	40
hero:Renee:Dreamcatcher	archive:testcases/emulator_verified/renee_same_kind_jasser_lethality_up_nc.json#0	791	1	791		current	True	1	787	0	787	787		[-4]	8000	800
hero:Renee:Dreamcatcher	archive:testcases/emulator_verified/renee_same_kind_jasser_lethality_up_nc.json#0	791	1	791		omit	True	1	2960	0	2960	2960		[2169]	8000	800
hero:Renee:Dreamcatcher	archive:testcases/emulator_verified/renee_same_kind_jasser_lethality_up_nc.json#0	791	1	791		both_kinds	True	1	787	0	787	787		[-4]	8000	800
hero:Renee:Dreamcatcher	archive:testcases/emulator_verified/renee_same_kind_jasser_lethality_up_nc.json#0	791	1	791		all_sources	True	1	787	0	787	787		[-4]	8000	800
hero:Renee:Dreamcatcher	archive:testcases/emulator_verified/renee_same_kind_seo_yoon_attack_up_nc.json#0	1334	1	1334		current	True	1	1326	0	1326	1326		[-8]	8000	800
hero:Renee:Dreamcatcher	archive:testcases/emulator_verified/renee_same_kind_seo_yoon_attack_up_nc.json#0	1334	1	1334		omit	True	1	3218	0	3218	3218		[1884]	8000	800
hero:Renee:Dreamcatcher	archive:testcases/emulator_verified/renee_same_kind_seo_yoon_attack_up_nc.json#0	1334	1	1334		both_kinds	True	1	1326	0	1326	1326		[-8]	8000	800
hero:Renee:Dreamcatcher	archive:testcases/emulator_verified/renee_same_kind_seo_yoon_attack_up_nc.json#0	1334	1	1334		all_sources	True	1	1326	0	1326	1326		[-8]	8000	800
hero:Renee:Dreamcatcher	archive:testcases/emulator_verified/renee_same_kind_wu_ming_skill_damage_nc.json#0	1639	1	1639		current	True	1	1637	0	1637	1637		[-2]	8000	800
hero:Renee:Dreamcatcher	archive:testcases/emulator_verified/renee_same_kind_wu_ming_skill_damage_nc.json#0	1639	1	1639		omit	True	1	3415	0	3415	3415		[1776]	8000	800
hero:Renee:Dreamcatcher	archive:testcases/emulator_verified/renee_same_kind_wu_ming_skill_damage_nc.json#0	1639	1	1639		both_kinds	True	1	1637	0	1637	1637		[-2]	8000	800
hero:Renee:Dreamcatcher	archive:testcases/emulator_verified/renee_same_kind_wu_ming_skill_damage_nc.json#0	1639	1	1639		all_sources	True	1	1637	0	1637	1637		[-2]	8000	800
hero:Renee:Dreamcatcher	archive:skill/tmp/renee_gwen_2k_discriminator.ts#observed	1221	1	1221		current	True	1	1221	0	1221	1221		[0]	2000	10000
hero:Renee:Dreamcatcher	archive:skill/tmp/renee_gwen_2k_discriminator.ts#observed	1221	1	1221		omit	True	1	991	0	991	991		[-230]	2000	10000
hero:Renee:Dreamcatcher	archive:skill/tmp/renee_gwen_2k_discriminator.ts#observed	1221	1	1221		both_kinds	True	1	1233	0	1233	1233		[12]	2000	10000
hero:Renee:Dreamcatcher	archive:skill/tmp/renee_gwen_2k_discriminator.ts#observed	1221	1	1221		all_sources	True	1	1221	0	1221	1221		[0]	2000	10000
hero:Renee:Dreamslice	testcases/emulator_verified/hector_renee_wayne.json#0	1597	1	1597		current	False	1000	1588.157	2.8214023660781535	1583	1594	0.00525		1700	300
hero:Renee:Dreamslice	testcases/emulator_verified/hector_renee_wayne.json#0	1597	1	1597		omit	False	1000	1588.157	2.8214023660781535	1583	1594	0.00525		1700	300
hero:Renee:Dreamslice	testcases/emulator_verified/hector_renee_wayne.json#0	1597	1	1597		both_kinds	False	1000	1588.157	2.8214023660781535	1583	1594	0.00525		1700	300
hero:Renee:Dreamslice	testcases/emulator_verified/hector_renee_wayne.json#0	1597	1	1597		lancer_only	False	1000	1588.157	2.8214023660781535	1583	1594	0.00525		1700	300
hero:Renee:Dreamslice	testcases/emulator_verified/renee_ahmose_damage_taken_overlap_attacker_nc.json#0	3777	1	3777		current	True	1	3778	0	3778	3778		[1]	4500	13400
hero:Renee:Dreamslice	testcases/emulator_verified/renee_ahmose_damage_taken_overlap_attacker_nc.json#0	3777	1	3777		omit	True	1	3663	0	3663	3663		[-114]	4500	13400
hero:Renee:Dreamslice	testcases/emulator_verified/renee_ahmose_damage_taken_overlap_attacker_nc.json#0	3777	1	3777		both_kinds	True	1	3778	0	3778	3778		[1]	4500	13400
hero:Renee:Dreamslice	testcases/emulator_verified/renee_ahmose_damage_taken_overlap_attacker_nc.json#0	3777	1	3777		lancer_only	True	1	3732	0	3732	3732		[-45]	4500	13400
hero:Renee:Dreamslice	testcases/emulator_verified/renee_charge_single_target_bucket_nc.json#0	50	1	50		current	True	1	50	0	50	50		[0]	500	1490
hero:Renee:Dreamslice	testcases/emulator_verified/renee_charge_single_target_bucket_nc.json#0	50	1	50		omit	True	1	-191	0	-191	-191		[-241]	500	1490
hero:Renee:Dreamslice	testcases/emulator_verified/renee_charge_single_target_bucket_nc.json#0	50	1	50		both_kinds	True	1	50	0	50	50		[0]	500	1490
hero:Renee:Dreamslice	testcases/emulator_verified/renee_charge_single_target_bucket_nc.json#0	50	1	50		lancer_only	True	1	50	0	50	50		[0]	500	1490
hero:Renee:Dreamslice	testcases/emulator_verified/renee_gwen_bucket_retry_nc.json#0	318	1	318		current	True	1	318	0	318	318		[0]	500	900
hero:Renee:Dreamslice	testcases/emulator_verified/renee_gwen_bucket_retry_nc.json#0	318	1	318		omit	True	1	298	0	298	298		[-20]	500	900
hero:Renee:Dreamslice	testcases/emulator_verified/renee_gwen_bucket_retry_nc.json#0	318	1	318		both_kinds	True	1	319	0	319	319		[1]	500	900
hero:Renee:Dreamslice	testcases/emulator_verified/renee_gwen_bucket_retry_nc.json#0	318	1	318		lancer_only	True	1	318	0	318	318		[0]	500	900
hero:Renee:Dreamslice	testcases/emulator_verified/renee_hendrik_defense_bucket_nc.json#0	14	1	14		current	True	1	14	0	14	14		[0]	120	446
hero:Renee:Dreamslice	testcases/emulator_verified/renee_hendrik_defense_bucket_nc.json#0	14	1	14		omit	True	1	-76	0	-76	-76		[-90]	120	446
hero:Renee:Dreamslice	testcases/emulator_verified/renee_hendrik_defense_bucket_nc.json#0	14	1	14		both_kinds	True	1	14	0	14	14		[0]	120	446
hero:Renee:Dreamslice	testcases/emulator_verified/renee_hendrik_defense_bucket_nc.json#0	14	1	14		lancer_only	True	1	14	0	14	14		[0]	120	446
hero:Renee:Dreamslice	testcases/emulator_verified/renee_solo_nc.json#0	-554,-554,-554,-554,-554	5	-554	0.0	current	True	1	-554	0	-554	-554		[0, 0, 0, 0, 0]	1260	600
hero:Renee:Dreamslice	testcases/emulator_verified/renee_solo_nc.json#0	-554,-554,-554,-554,-554	5	-554	0.0	omit	True	1	-553	0	-553	-553		[1, 1, 1, 1, 1]	1260	600
hero:Renee:Dreamslice	testcases/emulator_verified/renee_solo_nc.json#0	-554,-554,-554,-554,-554	5	-554	0.0	both_kinds	True	1	-554	0	-554	-554		[0, 0, 0, 0, 0]	1260	600
hero:Renee:Dreamslice	testcases/emulator_verified/renee_solo_nc.json#0	-554,-554,-554,-554,-554	5	-554	0.0	lancer_only	True	1	-554	0	-554	-554		[0, 0, 0, 0, 0]	1260	600
hero:Renee:Dreamslice	testcases/emulator_verified/renee_wayne_mixed_510_vs_888.json#0	427	1	427		current	False	1000	423.311	1.7468057506003072	420	427	0.072396		510	888
hero:Renee:Dreamslice	testcases/emulator_verified/renee_wayne_mixed_510_vs_888.json#0	427	1	427		omit	False	1000	412.561	2.058766018156884	409	417	5e-05		510	888
hero:Renee:Dreamslice	testcases/emulator_verified/renee_wayne_mixed_510_vs_888.json#0	427	1	427		both_kinds	False	1000	424.701	2.04298134420578	421	429	0.412329		510	888
hero:Renee:Dreamslice	testcases/emulator_verified/renee_wayne_mixed_510_vs_888.json#0	427	1	427		lancer_only	False	1000	417.162	1.9124365122569165	414	421	5e-05		510	888
hero:Renee:Dreamslice	testcases/emulator_verified/renee_wu_ming_s1_damage_kind_nc.json#0	359	1	359		current	True	1	359	0	359	359		[0]	1500	4000
hero:Renee:Dreamslice	testcases/emulator_verified/renee_wu_ming_s1_damage_kind_nc.json#0	359	1	359		omit	True	1	86	0	86	86		[-273]	1500	4000
hero:Renee:Dreamslice	testcases/emulator_verified/renee_wu_ming_s1_damage_kind_nc.json#0	359	1	359		both_kinds	True	1	359	0	359	359		[0]	1500	4000
hero:Renee:Dreamslice	testcases/emulator_verified/renee_wu_ming_s1_damage_kind_nc.json#0	359	1	359		lancer_only	True	1	359	0	359	359		[0]	1500	4000
hero:Renee:Dreamslice	archive:testcases/emulator_verified/renee_kind_100_lancer_control_nc.json#0	2669	1	2669		current	True	1	2669	0	2669	2669		[0]	2800	401
hero:Renee:Dreamslice	archive:testcases/emulator_verified/renee_kind_100_lancer_control_nc.json#0	2669	1	2669		omit	True	1	2669	0	2669	2669		[0]	2800	401
hero:Renee:Dreamslice	archive:testcases/emulator_verified/renee_kind_100_lancer_control_nc.json#0	2669	1	2669		both_kinds	True	1	2669	0	2669	2669		[0]	2800	401
hero:Renee:Dreamslice	archive:testcases/emulator_verified/renee_kind_100_lancer_control_nc.json#0	2669	1	2669		lancer_only	True	1	2669	0	2669	2669		[0]	2800	401
hero:Renee:Dreamslice	archive:testcases/emulator_verified/renee_kind_100_lancer_nc.json#0	2352	1	2352		current	True	1	2352	0	2352	2352		[0]	2800	401
hero:Renee:Dreamslice	archive:testcases/emulator_verified/renee_kind_100_lancer_nc.json#0	2352	1	2352		omit	True	1	2414	0	2414	2414		[62]	2800	401
hero:Renee:Dreamslice	archive:testcases/emulator_verified/renee_kind_100_lancer_nc.json#0	2352	1	2352		both_kinds	True	1	2352	0	2352	2352		[0]	2800	401
hero:Renee:Dreamslice	archive:testcases/emulator_verified/renee_kind_100_lancer_nc.json#0	2352	1	2352		lancer_only	True	1	2380	0	2380	2380		[28]	2800	401
hero:Renee:Dreamslice	archive:testcases/emulator_verified/renee_kind_25_lancer_control_nc.json#0	2672	1	2672		current	True	1	2672	0	2672	2672		[0]	2800	401
hero:Renee:Dreamslice	archive:testcases/emulator_verified/renee_kind_25_lancer_control_nc.json#0	2672	1	2672		omit	True	1	2672	0	2672	2672		[0]	2800	401
hero:Renee:Dreamslice	archive:testcases/emulator_verified/renee_kind_25_lancer_control_nc.json#0	2672	1	2672		both_kinds	True	1	2672	0	2672	2672		[0]	2800	401
hero:Renee:Dreamslice	archive:testcases/emulator_verified/renee_kind_25_lancer_control_nc.json#0	2672	1	2672		lancer_only	True	1	2672	0	2672	2672		[0]	2800	401
hero:Renee:Dreamslice	archive:testcases/emulator_verified/renee_kind_25_lancer_nc.json#0	2515,2515	2	2515	0.0	current	True	1	2516	0	2516	2516		[1, 1]	2800	401
hero:Renee:Dreamslice	archive:testcases/emulator_verified/renee_kind_25_lancer_nc.json#0	2515,2515	2	2515	0.0	omit	True	1	2560	0	2560	2560		[45, 45]	2800	401
hero:Renee:Dreamslice	archive:testcases/emulator_verified/renee_kind_25_lancer_nc.json#0	2515,2515	2	2515	0.0	both_kinds	True	1	2516	0	2516	2516		[1, 1]	2800	401
hero:Renee:Dreamslice	archive:testcases/emulator_verified/renee_kind_25_lancer_nc.json#0	2515,2515	2	2515	0.0	lancer_only	True	1	2545	0	2545	2545		[30, 30]	2800	401
hero:Renee:Dreamslice	archive:testcases/emulator_verified/renee_kind_s1_damage_up_anchor_control_nc.json#0	2772	1	2772		current	True	1	2772	0	2772	2772		[0]	3000	100
hero:Renee:Dreamslice	archive:testcases/emulator_verified/renee_kind_s1_damage_up_anchor_control_nc.json#0	2772	1	2772		omit	True	1	2797	0	2797	2797		[25]	3000	100
hero:Renee:Dreamslice	archive:testcases/emulator_verified/renee_kind_s1_damage_up_anchor_control_nc.json#0	2772	1	2772		both_kinds	True	1	2772	0	2772	2772		[0]	3000	100
hero:Renee:Dreamslice	archive:testcases/emulator_verified/renee_kind_s1_damage_up_anchor_control_nc.json#0	2772	1	2772		lancer_only	True	1	2772	0	2772	2772		[0]	3000	100
hero:Renee:Dreamslice	archive:testcases/emulator_verified/renee_kind_s1_damage_up_anchor_edith_nc.json#0	2703	1	2703		current	True	1	2703	0	2703	2703		[0]	3000	100
hero:Renee:Dreamslice	archive:testcases/emulator_verified/renee_kind_s1_damage_up_anchor_edith_nc.json#0	2703	1	2703		omit	True	1	2736	0	2736	2736		[33]	3000	100
hero:Renee:Dreamslice	archive:testcases/emulator_verified/renee_kind_s1_damage_up_anchor_edith_nc.json#0	2703	1	2703		both_kinds	True	1	2703	0	2703	2703		[0]	3000	100
hero:Renee:Dreamslice	archive:testcases/emulator_verified/renee_kind_s1_damage_up_anchor_edith_nc.json#0	2703	1	2703		lancer_only	True	1	2703	0	2703	2703		[0]	3000	100
hero:Renee:Dreamslice	archive:testcases/emulator_verified/renee_kind_zero_lancer_control_nc.json#0	2688	1	2688		current	True	1	2688	0	2688	2688		[0]	2800	401
hero:Renee:Dreamslice	archive:testcases/emulator_verified/renee_kind_zero_lancer_control_nc.json#0	2688	1	2688		omit	True	1	2688	0	2688	2688		[0]	2800	401
hero:Renee:Dreamslice	archive:testcases/emulator_verified/renee_kind_zero_lancer_control_nc.json#0	2688	1	2688		both_kinds	True	1	2688	0	2688	2688		[0]	2800	401
hero:Renee:Dreamslice	archive:testcases/emulator_verified/renee_kind_zero_lancer_control_nc.json#0	2688	1	2688		lancer_only	True	1	2688	0	2688	2688		[0]	2800	401
hero:Renee:Dreamslice	archive:testcases/emulator_verified/renee_kind_zero_lancer_nc.json#0	2688	1	2688		current	True	1	2688	0	2688	2688		[0]	2800	401
hero:Renee:Dreamslice	archive:testcases/emulator_verified/renee_kind_zero_lancer_nc.json#0	2688	1	2688		omit	True	1	2688	0	2688	2688		[0]	2800	401
hero:Renee:Dreamslice	archive:testcases/emulator_verified/renee_kind_zero_lancer_nc.json#0	2688	1	2688		both_kinds	True	1	2688	0	2688	2688		[0]	2800	401
hero:Renee:Dreamslice	archive:testcases/emulator_verified/renee_kind_zero_lancer_nc.json#0	2688	1	2688		lancer_only	True	1	2688	0	2688	2688		[0]	2800	401
hero:Renee:Dreamslice	archive:testcases/emulator_verified/renee_same_kind_ahmose_damage_taken_up_nc.json#0	1631	1	1631		current	True	1	1622	0	1622	1622		[-9]	5000	400
hero:Renee:Dreamslice	archive:testcases/emulator_verified/renee_same_kind_ahmose_damage_taken_up_nc.json#0	1631	1	1631		omit	True	1	2131	0	2131	2131		[500]	5000	400
hero:Renee:Dreamslice	archive:testcases/emulator_verified/renee_same_kind_ahmose_damage_taken_up_nc.json#0	1631	1	1631		both_kinds	True	1	1622	0	1622	1622		[-9]	5000	400
hero:Renee:Dreamslice	archive:testcases/emulator_verified/renee_same_kind_ahmose_damage_taken_up_nc.json#0	1631	1	1631		lancer_only	True	1	1706	0	1706	1706		[75]	5000	400
hero:Renee:Dreamslice	archive:testcases/emulator_verified/renee_same_kind_ahmose_damage_taken_up_strong_nc.json#0	2810	1	2810		current	True	1	2574	0	2574	2574		[-236]	10000	800
hero:Renee:Dreamslice	archive:testcases/emulator_verified/renee_same_kind_ahmose_damage_taken_up_strong_nc.json#0	2810	1	2810		omit	True	1	3861	0	3861	3861		[1051]	10000	800
hero:Renee:Dreamslice	archive:testcases/emulator_verified/renee_same_kind_ahmose_damage_taken_up_strong_nc.json#0	2810	1	2810		both_kinds	True	1	2574	0	2574	2574		[-236]	10000	800
hero:Renee:Dreamslice	archive:testcases/emulator_verified/renee_same_kind_ahmose_damage_taken_up_strong_nc.json#0	2810	1	2810		lancer_only	True	1	2640	0	2640	2640		[-170]	10000	800
hero:Renee:Dreamslice	archive:testcases/emulator_verified/renee_same_kind_edith_damage_up_nc.json#0	4883	1	4883		current	True	1	4882	0	4882	4882		[-1]	8000	500
hero:Renee:Dreamslice	archive:testcases/emulator_verified/renee_same_kind_edith_damage_up_nc.json#0	4883	1	4883		omit	True	1	5238	0	5238	5238		[355]	8000	500
hero:Renee:Dreamslice	archive:testcases/emulator_verified/renee_same_kind_edith_damage_up_nc.json#0	4883	1	4883		both_kinds	True	1	4882	0	4882	4882		[-1]	8000	500
hero:Renee:Dreamslice	archive:testcases/emulator_verified/renee_same_kind_edith_damage_up_nc.json#0	4883	1	4883		lancer_only	True	1	4882	0	4882	4882		[-1]	8000	500
hero:Renee:Dreamslice	archive:testcases/emulator_verified/renee_same_kind_hendrik_defense_down_nc.json#0	46014	1	46014		current	False	1000	48221.448	638.7782564841706	47013	49569	0.001		57400	40
hero:Renee:Dreamslice	archive:testcases/emulator_verified/renee_same_kind_hendrik_defense_down_nc.json#0	46014	1	46014		omit	False	1000	49275.247	570.0925130752593	48195	50465	5e-05		57400	40
hero:Renee:Dreamslice	archive:testcases/emulator_verified/renee_same_kind_hendrik_defense_down_nc.json#0	46014	1	46014		both_kinds	False	1000	48059.444	673.4624016754537	46739	49453	0.0025		57400	40
hero:Renee:Dreamslice	archive:testcases/emulator_verified/renee_same_kind_hendrik_defense_down_nc.json#0	46014	1	46014		lancer_only	False	1000	48221.448	638.7782564841706	47013	49569	0.001		57400	40
hero:Renee:Dreamslice	archive:testcases/emulator_verified/renee_same_kind_jasser_lethality_up_nc.json#0	791	1	791		current	True	1	787	0	787	787		[-4]	8000	800
hero:Renee:Dreamslice	archive:testcases/emulator_verified/renee_same_kind_jasser_lethality_up_nc.json#0	791	1	791		omit	True	1	2011	0	2011	2011		[1220]	8000	800
hero:Renee:Dreamslice	archive:testcases/emulator_verified/renee_same_kind_jasser_lethality_up_nc.json#0	791	1	791		both_kinds	True	1	787	0	787	787		[-4]	8000	800
hero:Renee:Dreamslice	archive:testcases/emulator_verified/renee_same_kind_jasser_lethality_up_nc.json#0	791	1	791		lancer_only	True	1	787	0	787	787		[-4]	8000	800
hero:Renee:Dreamslice	archive:testcases/emulator_verified/renee_same_kind_seo_yoon_attack_up_nc.json#0	1334	1	1334		current	True	1	1326	0	1326	1326		[-8]	8000	800
hero:Renee:Dreamslice	archive:testcases/emulator_verified/renee_same_kind_seo_yoon_attack_up_nc.json#0	1334	1	1334		omit	True	1	2398	0	2398	2398		[1064]	8000	800
hero:Renee:Dreamslice	archive:testcases/emulator_verified/renee_same_kind_seo_yoon_attack_up_nc.json#0	1334	1	1334		both_kinds	True	1	1326	0	1326	1326		[-8]	8000	800
hero:Renee:Dreamslice	archive:testcases/emulator_verified/renee_same_kind_seo_yoon_attack_up_nc.json#0	1334	1	1334		lancer_only	True	1	1326	0	1326	1326		[-8]	8000	800
hero:Renee:Dreamslice	archive:testcases/emulator_verified/renee_same_kind_wu_ming_skill_damage_nc.json#0	1639	1	1639		current	True	1	1637	0	1637	1637		[-2]	8000	800
hero:Renee:Dreamslice	archive:testcases/emulator_verified/renee_same_kind_wu_ming_skill_damage_nc.json#0	1639	1	1639		omit	True	1	2581	0	2581	2581		[942]	8000	800
hero:Renee:Dreamslice	archive:testcases/emulator_verified/renee_same_kind_wu_ming_skill_damage_nc.json#0	1639	1	1639		both_kinds	True	1	1637	0	1637	1637		[-2]	8000	800
hero:Renee:Dreamslice	archive:testcases/emulator_verified/renee_same_kind_wu_ming_skill_damage_nc.json#0	1639	1	1639		lancer_only	True	1	1637	0	1637	1637		[-2]	8000	800
hero:Renee:Dreamslice	archive:skill/tmp/renee_gwen_2k_discriminator.ts#observed	1221	1	1221		current	True	1	1221	0	1221	1221		[0]	2000	10000
hero:Renee:Dreamslice	archive:skill/tmp/renee_gwen_2k_discriminator.ts#observed	1221	1	1221		omit	True	1	1122	0	1122	1122		[-99]	2000	10000
hero:Renee:Dreamslice	archive:skill/tmp/renee_gwen_2k_discriminator.ts#observed	1221	1	1221		both_kinds	True	1	1227	0	1227	1227		[6]	2000	10000
hero:Renee:Dreamslice	archive:skill/tmp/renee_gwen_2k_discriminator.ts#observed	1221	1	1221		lancer_only	True	1	1221	0	1221	1221		[0]	2000	10000
